-- phpMyAdmin SQL Dump
-- version 4.2.7.1
-- http://www.phpmyadmin.net
--
-- Host: localhost
-- Generation Time: Oct 08, 2014 at 01:54 AM
-- Server version: 5.5.39
-- PHP Version: 5.4.31

SET SQL_MODE = "NO_AUTO_VALUE_ON_ZERO";
SET time_zone = "+00:00";


/*!40101 SET @OLD_CHARACTER_SET_CLIENT=@@CHARACTER_SET_CLIENT */;
/*!40101 SET @OLD_CHARACTER_SET_RESULTS=@@CHARACTER_SET_RESULTS */;
/*!40101 SET @OLD_COLLATION_CONNECTION=@@COLLATION_CONNECTION */;
/*!40101 SET NAMES utf8 */;

--
-- Database: `vionir2`
--

-- --------------------------------------------------------

--
-- Table structure for table `akun`
--

CREATE TABLE IF NOT EXISTS `akun` (
`id` bigint(20) NOT NULL,
  `id_anggota` bigint(20) NOT NULL,
  `id_login` varchar(13) COLLATE utf8_unicode_ci NOT NULL,
  `nick_name` varchar(30) COLLATE utf8_unicode_ci NOT NULL,
  `kata_sandi` varchar(64) COLLATE utf8_unicode_ci NOT NULL,
  `kiri` bigint(20) NOT NULL,
  `kanan` bigint(20) NOT NULL,
  `id_sponsor` bigint(20) NOT NULL DEFAULT '0',
  `id_manager` bigint(20) NOT NULL DEFAULT '0',
  `is_manager` tinyint(4) NOT NULL DEFAULT '0',
  `level_manager` int(11) NOT NULL DEFAULT '0',
  `pin` varchar(6) COLLATE utf8_unicode_ci NOT NULL,
  `pin_kadaluarsa` timestamp NULL DEFAULT NULL,
  `is_aktif` tinyint(4) NOT NULL DEFAULT '0',
  `is_blokir` tinyint(4) NOT NULL DEFAULT '0',
  `is_main` tinyint(4) NOT NULL DEFAULT '0',
  `created_at` timestamp NOT NULL DEFAULT CURRENT_TIMESTAMP,
  `updated_at` timestamp NULL DEFAULT NULL
) ENGINE=InnoDB  DEFAULT CHARSET=utf8 COLLATE=utf8_unicode_ci AUTO_INCREMENT=195 ;

--
-- Dumping data for table `akun`
--

INSERT INTO `akun` (`id`, `id_anggota`, `id_login`, `nick_name`, `kata_sandi`, `kiri`, `kanan`, `id_sponsor`, `id_manager`, `is_manager`, `level_manager`, `pin`, `pin_kadaluarsa`, `is_aktif`, `is_blokir`, `is_main`, `created_at`, `updated_at`) VALUES
(1, 1, 'savionir2014', 'SA', '$2y$10$cs6Y24KcioLNFURo9vbRDeYfg.hvQkgerVAmCXWY6fjuC2DllxaeC', 0, 0, 0, 0, 1, 0, '642705', '2014-10-09 02:11:56', 1, 0, 1, '2014-10-02 16:48:11', NULL),
(2, 2, '542e89baeff29', 'H 1', '$2y$10$U/pl1rbb6crK1HKQlKboeu.Mq3AkYeLaV28exVRh3Wud/M9crgQfe', 1, 382, 0, 0, 1, 1, '305420', '2014-10-05 04:03:44', 1, 0, 1, '2014-10-02 21:34:42', NULL),
(3, 3, '542e89bb10cdf', 'H 3', '$2y$10$bgarFN5jof/5C2rMOIU5quJQfAAwVDFD2iWrYCFReyp0/giYdhBEW', 192, 381, 2, 0, 1, 1, '199592', '2014-10-04 11:34:19', 1, 0, 1, '2014-10-02 21:34:42', NULL),
(4, 4, '542e89bb26ca7', 'H 2', '$2y$10$BUeUJs.YY8hcQFg1f07.W.i.ePiyEMIINyXcIiffy1dSZsTVVjDE2', 2, 191, 2, 0, 1, 1, '170315', '2014-10-04 11:34:19', 1, 0, 1, '2014-10-02 21:34:42', NULL),
(5, 5, '542e89bb3b4b5', 'H 7', '$2y$10$wmi/KH4IuwP6Mz28WWDFNu2mTK5dYytEcjBFUALsVmmVFzYviGy6G', 287, 380, 3, 0, 1, 1, '247831', '2014-10-04 11:34:19', 1, 0, 1, '2014-10-02 21:34:42', NULL),
(6, 6, '542e89bb50453', 'H 6', '$2y$10$SKiMHalJkZfPKxgLXDWRNufQd95q/zkA1PBA4KyWZyvhq2u5aOF0W', 193, 286, 3, 0, 1, 1, '198822', '2014-10-04 11:34:19', 1, 0, 1, '2014-10-02 21:34:42', NULL),
(7, 7, '542e89bb64cf5', 'H 5', '$2y$10$Or.9PJAyvI9u4MGxlxmdke3PZgIV0JmlJLS3sxZkKRzpxVNNqMa3q', 97, 190, 4, 0, 1, 1, '726323', '2014-10-04 11:34:19', 1, 0, 1, '2014-10-02 21:34:43', NULL),
(8, 8, '542e89bb79398', 'H 4', '$2y$10$8uB3CuS7UT6vOfQxySGZL.NnNy62/eBYRa39vnf6b.hdp8nKBu352', 3, 96, 4, 0, 1, 1, '884279', '2014-10-04 11:34:19', 1, 0, 1, '2014-10-02 21:34:43', NULL),
(9, 9, '542e89bb8e2a5', 'H 15', '$2y$10$miHGwxOe1AAzfGzx5pdsqewjimq2T/HWXWxylPLHkwhTlflr2ZWGy', 334, 379, 5, 0, 1, 1, '977630', '2014-10-04 11:34:19', 1, 0, 1, '2014-10-02 21:34:43', NULL),
(10, 10, '542e89bba33ef', 'H 14', '$2y$10$bICay1N04eUlq2mJxv6iSurQ/Yt6FXVQ4WSDpNTLWC1xfDZtv6/CO', 288, 333, 5, 0, 1, 1, '870754', '2014-10-04 11:34:19', 1, 0, 1, '2014-10-02 21:34:43', NULL),
(11, 11, '542e89bbb7c76', 'H 13', '$2y$10$jyP4W/r7ehxx8a3TmbbBVeOL9bC2yX5P90HV7dX/7ufz6yw8QE/mC', 240, 285, 6, 0, 1, 1, '831727', '2014-10-04 11:34:19', 1, 0, 1, '2014-10-02 21:34:43', NULL),
(12, 12, '542e89bbcc750', 'H 12', '$2y$10$RwJBn/8RaXLBEzwItn/nE.J.YffMgUgaqpQpiA4pTGMb/W0GNIz/q', 194, 239, 6, 0, 1, 1, '515034', '2014-10-04 11:34:19', 1, 0, 1, '2014-10-02 21:34:43', NULL),
(13, 13, '542e89bbe1d92', 'H 11', '$2y$10$1wjNb1lMvjCHdjavMY0JJ.xXIL1u4uQ9/FvBgiO0p.9EDxOlTCkzi', 144, 189, 7, 0, 1, 1, '007184', '2014-10-04 11:34:20', 1, 0, 1, '2014-10-02 21:34:43', NULL),
(14, 14, '542e89bc032bb', 'H 10', '$2y$10$evmEgs.A8I9FGu0oggWGkuleBrSvJgbvJ6By7dg9n08wEIiE0jfqO', 98, 143, 7, 0, 1, 1, '944899', '2014-10-04 11:34:20', 1, 0, 1, '2014-10-02 21:34:43', NULL),
(15, 15, '542e89bc1926f', 'H 9', '$2y$10$i.Zb/PLxfkmdexm/fbejJuqHuadxI6I0TC5ohRTJLj1UNyHCGvZp2', 50, 95, 8, 0, 1, 1, '197297', '2014-10-04 11:34:20', 1, 0, 1, '2014-10-02 21:34:43', NULL),
(16, 16, '542e89bc2ebed', 'H 8', '$2y$10$0L7M3EtPFrXGdyN4pW0wk.NSggaxsgVtmu0QQJYss.tMKIvwmOEMK', 4, 49, 8, 0, 1, 1, '672889', '2014-10-04 11:34:20', 1, 0, 1, '2014-10-02 21:34:43', NULL),
(17, 17, '542e89bc448ce', 'H 31', '$2y$10$/gREw/1CxK4GgYYvzl/D6u/4h1m6cBhltLRQCb2g43om5O3.WaoYm', 357, 378, 9, 0, 1, 1, '861623', '2014-10-04 11:34:20', 1, 0, 1, '2014-10-02 21:34:43', NULL),
(18, 18, '542e89bc59de5', 'H 30', '$2y$10$IW/PeCwp.GUFoUASJpZjBeRhwXgdonJsPPBRhEvqgKJAqp7.Vaicm', 335, 356, 9, 0, 1, 1, '925382', '2014-10-04 11:34:20', 1, 0, 1, '2014-10-02 21:34:44', NULL),
(19, 19, '542e89bc6f2d2', 'H 29', '$2y$10$nO2fQqMajAAT6hJyhwkfhuWPtj2E.qWsUkpSSdrve6XzQ6BZi4R8O', 311, 332, 10, 0, 1, 1, '556804', '2014-10-04 11:34:20', 1, 0, 1, '2014-10-02 21:34:44', NULL),
(20, 20, '542e89bc8464b', 'H 28', '$2y$10$f5RdbFYj2Tjo0UzGuzJBIeYu.jvV2jCkuvF71PRsx0haBTrlcfxH.', 289, 310, 10, 0, 1, 1, '580171', '2014-10-04 11:34:20', 1, 0, 1, '2014-10-02 21:34:44', NULL),
(21, 21, '542e89bc98dd0', 'H 27', '$2y$10$47DJUSzfCnE7UrMcyPa9YuM3/LWjHKz.Exoe3JzblIU6RopuYY7E2', 263, 284, 11, 0, 1, 1, '450707', '2014-10-04 11:34:20', 1, 0, 1, '2014-10-02 21:34:44', NULL),
(22, 22, '542e89bcaddf5', 'H 26', '$2y$10$d6nosxWaQ435hkWwh16c4O3nqEmXqDfcwD332k/NVEWaoIwgtssMa', 241, 262, 11, 0, 1, 1, '786396', '2014-10-04 11:34:20', 1, 0, 1, '2014-10-02 21:34:44', NULL),
(23, 23, '542e89bcc3595', 'H 25', '$2y$10$rK2k4TibdXH71klqJvWpzeCyQJFyjtSeEpQz2oxljX9kNumRr.Q4u', 217, 238, 12, 0, 1, 1, '920762', '2014-10-04 11:34:20', 1, 0, 1, '2014-10-02 21:34:44', NULL),
(24, 24, '542e89bcda0e2', 'H 24', '$2y$10$eWy87fFOMWMM3X.ZgTHesOGNtc3zPGeWWYxsYum2Ioj.SMXJZ2ZFK', 195, 216, 12, 0, 1, 1, '665959', '2014-10-04 11:34:20', 1, 0, 1, '2014-10-02 21:34:44', NULL),
(25, 25, '542e89bcf0709', 'H 23', '$2y$10$SsXi5/mFIO675yF59dlTtug.89MKJ/s2jsI/7F8dsjIHcLkW0.HEa', 167, 188, 13, 0, 1, 1, '646107', '2014-10-04 11:34:21', 1, 0, 1, '2014-10-02 21:34:44', NULL),
(26, 26, '542e89bd12118', 'H 22', '$2y$10$uJiM0geeNS7tJroJxkaoyOYpi1S2hWYLZrQP.U.OgQxIF7.YW/Edi', 145, 166, 13, 0, 1, 1, '033328', '2014-10-04 11:34:21', 1, 0, 1, '2014-10-02 21:34:44', NULL),
(27, 27, '542e89bd2752d', 'H 21', '$2y$10$Objvn7Yely6ruO51nFG6RedCVIcndq1qAzu8V7yKSYQrHNZ/BfwcK', 121, 142, 14, 0, 1, 1, '605085', '2014-10-04 11:34:21', 1, 0, 1, '2014-10-02 21:34:44', NULL),
(28, 28, '542e89bd3d76d', 'H 20', '$2y$10$k.UCrVU7wH6syKyhvgUpaeKkU0tzgfKOU4HrNYnZ5WLDdW9JamuR6', 99, 120, 14, 0, 1, 1, '784552', '2014-10-04 11:34:21', 1, 0, 1, '2014-10-02 21:34:44', NULL),
(29, 29, '542e89bd53647', 'H 19', '$2y$10$0YaX8X4D1czn7VthFI5oB.utPoKcptSfh05HIGbAaWeahDxTz0PIa', 73, 94, 15, 0, 1, 1, '279890', '2014-10-04 11:34:21', 1, 0, 1, '2014-10-02 21:34:44', NULL),
(30, 30, '542e89bd68f3c', 'H 18', '$2y$10$wMxKM93fy0jfqO5Fdb1BbOxFCfvsMbiExPJc.KVrdlhjRqnIFh.DW', 51, 72, 15, 0, 1, 1, '539392', '2014-10-04 11:34:21', 1, 0, 1, '2014-10-02 21:34:45', NULL),
(31, 31, '542e89bd7e8b0', 'H 17', '$2y$10$UqRdqX73ydWtShY0h4keVukSv.MfntYfzc8z9jzX0cwvYwxazDQ8G', 27, 48, 16, 0, 1, 1, '068709', '2014-10-04 11:34:21', 1, 0, 1, '2014-10-02 21:34:45', NULL),
(32, 32, '542e89bd9497e', 'H 16', '$2y$10$OQwKsp4GXGAtMP.8hXVv7u3mqLwbpPN1gaqmn1tCOd7k5yAHGc7pO', 5, 26, 16, 0, 1, 1, '642523', '2014-10-04 11:34:21', 1, 0, 1, '2014-10-02 21:34:45', NULL),
(33, 33, '542e89bdaa9d0', 'H 63', '$2y$10$4x9e6jqYxZQwqhyJUT03y.xUb0QOKOHGjOILFJ6EOX9mElDvuxp9e', 368, 377, 17, 0, 1, 1, '303693', '2014-10-04 11:34:21', 1, 0, 1, '2014-10-02 21:34:45', NULL),
(34, 34, '542e89bdc0fb8', 'H 62', '$2y$10$JqDD8XcaQ4jtGQCPb9q/Vu5B9UqaF9HRvI.qZ7jHyZb6OZQAj41KS', 358, 367, 17, 0, 1, 1, '405853', '2014-10-04 11:34:21', 1, 0, 1, '2014-10-02 21:34:45', NULL),
(35, 35, '542e89bdd5eb4', 'H 61', '$2y$10$Cn4a2gIutsMsKT2Whrh6cekeKLC8k0MPq2Rb3iAkQeVru8cH1ofGC', 346, 355, 18, 0, 1, 1, '385009', '2014-10-04 11:34:21', 1, 0, 1, '2014-10-02 21:34:45', NULL),
(36, 36, '542e89bdea937', 'H 60', '$2y$10$RTdf2il0708X5mpylbu9ZevyWw4KQSG9/uqNkpcKU0Uc7YkHt9rFe', 336, 345, 18, 0, 1, 1, '479965', '2014-10-04 11:34:22', 1, 0, 1, '2014-10-02 21:34:45', NULL),
(37, 37, '542e89be0ae2c', 'H 59', '$2y$10$tvOTbd6OFZFMNq6Fk.zv2e9029RxwJEHaeSJM6RYwTw.a59zYMP3C', 322, 331, 19, 0, 1, 1, '173061', '2014-10-04 11:34:22', 1, 0, 1, '2014-10-02 21:34:45', NULL),
(38, 38, '542e89be20592', 'H 58', '$2y$10$cHBufmN6UTEG2/pcpNfzDuw9JWXF8p1kw3kwVznXmF97bGZA7IXGi', 312, 321, 19, 0, 1, 1, '663271', '2014-10-04 11:34:22', 1, 0, 1, '2014-10-02 21:34:45', NULL),
(39, 39, '542e89be3636f', 'H 57', '$2y$10$6/iSmUS1FoVoCP0Edmt7WeVQuJp9XFqXbF.cX8ed3/0Kk8DBcLUIS', 300, 309, 20, 0, 1, 1, '770272', '2014-10-04 11:34:22', 1, 0, 1, '2014-10-02 21:34:45', NULL),
(40, 40, '542e89be4d75e', 'H 56', '$2y$10$nHR7v9J7PMGW2v2QIstQjeVjjBss2WMk9/NRSQZWvZKKT/s6./Usa', 290, 299, 20, 0, 1, 1, '919350', '2014-10-04 11:34:22', 1, 0, 1, '2014-10-02 21:34:45', NULL),
(41, 41, '542e89be63d3b', 'H 55', '$2y$10$ixUpZftYSQ6M/v/0mSMq5.fHhxzDUSudVcJ5WRQUBweXmLmvyP7fC', 274, 283, 21, 0, 1, 1, '421241', '2014-10-04 11:34:22', 1, 0, 1, '2014-10-02 21:34:46', NULL),
(42, 42, '542e89be79528', 'H 54', '$2y$10$ZuUZ8TlCs/EBajobP0QY8OCimkhyERWMk7n3N0OLElN7YXnVxTkCq', 264, 273, 21, 0, 1, 1, '338788', '2014-10-04 11:34:22', 1, 0, 1, '2014-10-02 21:34:46', NULL),
(43, 43, '542e89be8e21f', 'H 53', '$2y$10$Wm0k.Fk5Jwd6MAmeE5tT1.UpmiJexlLBK7J1FMxvRxiL8YEoSV0my', 252, 261, 22, 0, 1, 1, '205956', '2014-10-04 11:34:22', 1, 0, 1, '2014-10-02 21:34:46', NULL),
(44, 44, '542e89bea38c2', 'H 52', '$2y$10$7swkic2dD9bzz3.V5.eYhuxPuA4jjW9LMZzOctWQg1QU.Awy73cmK', 242, 251, 22, 0, 1, 1, '790124', '2014-10-04 11:34:22', 1, 0, 1, '2014-10-02 21:34:46', NULL),
(45, 45, '542e89beb9464', 'H 51', '$2y$10$iaM3dsaTWogzgEHarMx7zuCQ/K0fzuZtRYKG01O6mbbwBFGqmzjv2', 228, 237, 23, 0, 1, 1, '640123', '2014-10-04 11:34:22', 1, 0, 1, '2014-10-02 21:34:46', NULL),
(46, 46, '542e89becfe40', 'H 50', '$2y$10$F3ZpE014ooz/QHeyGtvpyO5mrLQHHqKrI/8AuxgwPrdRsqA8Hc5nu', 218, 227, 23, 0, 1, 1, '385230', '2014-10-04 11:34:22', 1, 0, 1, '2014-10-02 21:34:46', NULL),
(47, 47, '542e89bee604d', 'H 49', '$2y$10$eVEHuQm9kJQEAmdymCsLs.mju7tOqVZ5/Z1htmD/Wt5gSy1hVCed6', 206, 215, 24, 0, 1, 1, '857315', '2014-10-04 11:34:23', 1, 0, 1, '2014-10-02 21:34:46', NULL),
(48, 48, '542e89bf081d3', 'H 48', '$2y$10$KWIx5kIGAJD03UZG/y83Yu7YdnVZCgl5YW6TD.pN6HQ8liiCdSvC6', 196, 205, 24, 0, 1, 1, '645620', '2014-10-04 11:34:23', 1, 0, 1, '2014-10-02 21:34:46', NULL),
(49, 49, '542e89bf1e3b9', 'H 47', '$2y$10$nei8B6WPW83EkX5n1P.XZ.hN710k8LGV9aJK7D1V8sc9H7N7dniqS', 178, 187, 25, 0, 1, 1, '525382', '2014-10-04 11:34:23', 1, 0, 1, '2014-10-02 21:34:46', NULL),
(50, 50, '542e89bf352c8', 'H 46', '$2y$10$LYqcwnJjKW52M9UGlS9IleXbuYZSZlFWB.l75sLxWOkGKkWX2/VQW', 168, 177, 25, 0, 1, 1, '832007', '2014-10-04 11:34:23', 1, 0, 1, '2014-10-02 21:34:46', NULL),
(51, 51, '542e89bf4b6fb', 'H 45', '$2y$10$oZwqalB7/nYYh4MyIQfF2O8rEvGHZQ3oKehJYOL2z/HXHcAW1Xu72', 156, 165, 26, 0, 1, 1, '567199', '2014-10-04 11:34:23', 1, 0, 1, '2014-10-02 21:34:46', NULL),
(52, 52, '542e89bf61c1d', 'H 44', '$2y$10$h52yvC.ZXsGFGWOtxvtX6uwov3tmyRAsGNowzzhuEps0rJmMwAtc.', 146, 155, 26, 0, 1, 1, '230020', '2014-10-04 11:34:23', 1, 0, 1, '2014-10-02 21:34:47', NULL),
(53, 53, '542e89bf78440', 'H 43', '$2y$10$rd/QGogOmRUzgHicOpe2BeRcEIhiPFfzejF0.5EW0eqVJ/J.8ps5G', 132, 141, 27, 0, 1, 1, '858369', '2014-10-04 11:34:23', 1, 0, 1, '2014-10-02 21:34:47', NULL),
(54, 54, '542e89bf8fc8b', 'H 42', '$2y$10$QXtJYSzY68E7RigomK50SOYqpBlx/2ExQHgd3oOzLHxIwky05Yw06', 122, 131, 27, 0, 1, 1, '495436', '2014-10-04 11:34:23', 1, 0, 1, '2014-10-02 21:34:47', NULL),
(55, 55, '542e89bfa78af', 'H 41', '$2y$10$IIqKvKsNCYIYoBK5wkPrWuFukp60aIvBzcOFWTO/uEkmIbYC1RBT6', 110, 119, 28, 0, 1, 1, '823906', '2014-10-04 11:34:23', 1, 0, 1, '2014-10-02 21:34:47', NULL),
(56, 56, '542e89bfbf947', 'H 40', '$2y$10$k4.soMEbUOMq55b6KV0CjeAW/jUZfVQOh2621xAXHJ02L9Qs3MT/K', 100, 109, 28, 0, 1, 1, '434163', '2014-10-04 11:34:23', 1, 0, 1, '2014-10-02 21:34:47', NULL),
(57, 57, '542e89bfd79ab', 'H 39', '$2y$10$Yb57WfcH5z36qJLscAb0Ee/6ucdUPmQcNyJN4DPYvRNzAoE0Eo.6G', 84, 93, 29, 0, 1, 1, '499774', '2014-10-04 11:34:23', 1, 0, 1, '2014-10-02 21:34:47', NULL),
(58, 58, '542e89bfef385', 'H 38', '$2y$10$vE9bMwvs18bfN2ngfhx9NOB9sW4ptVqvsjNY7F346Oct7JZSHvC7u', 74, 83, 29, 0, 1, 1, '570439', '2014-10-04 11:34:24', 1, 0, 1, '2014-10-02 21:34:47', NULL),
(59, 59, '542e89c013d68', 'H 37', '$2y$10$sNB2F7IUXJntOxQcDj9DheGrxX2FF75Fb2g/2lESIYmm/SLO/jSh2', 62, 71, 30, 0, 1, 1, '102663', '2014-10-04 11:34:24', 1, 0, 1, '2014-10-02 21:34:47', NULL),
(60, 60, '542e89c02cf14', 'H 36', '$2y$10$H8kPSlMCtKvWRymLSoho0OwEgVbBDlrmQ5Hsdbp35DigF9zzuAUPa', 52, 61, 30, 0, 1, 1, '056535', '2014-10-04 11:34:24', 1, 0, 1, '2014-10-02 21:34:47', NULL),
(61, 61, '542e89c045b1e', 'H 35', '$2y$10$e4oNZWTDT7tQdUCIqom6duIFuTkAVmf32jCSlAhKx7kN.1ZhSHFW2', 38, 47, 31, 0, 1, 1, '381434', '2014-10-04 11:34:24', 1, 0, 1, '2014-10-02 21:34:47', NULL),
(62, 62, '542e89c05f1cf', 'H 34', '$2y$10$Hd5wQVPtPsvaZCPjTAPthuCdX5MSqMCDny2IwokYXLsZK.JKIzZ1u', 28, 37, 31, 0, 1, 1, '392994', '2014-10-04 11:34:24', 1, 0, 1, '2014-10-02 21:34:48', NULL),
(63, 63, '542e89c078510', 'H 33', '$2y$10$Ag3LBlz5ZGuzQd3NFi7.PuomncfzxRG6RjVyw3c0YBM0tsI/FUIje', 16, 25, 32, 0, 1, 1, '427258', '2014-10-04 11:34:24', 1, 0, 1, '2014-10-02 21:34:48', NULL),
(64, 64, '542e89c0916dd', 'H 32', '$2y$10$hsuinmckxjotnmq7viWfo.dncakcHqj1XjZWJwM8ok1BoXysTpnNa', 6, 15, 32, 0, 1, 1, '119993', '2014-10-04 11:34:24', 1, 0, 1, '2014-10-02 21:34:48', NULL),
(65, 65, '542e89c0aae4f', 'H 127', '$2y$10$GD/gzSGdNmpFgIDm0eaAj.I6tmPuGBtkS7/yByP9XZbiPgm1HSfWK', 373, 376, 33, 0, 1, 1, '675082', '2014-10-05 03:44:18', 1, 0, 1, '2014-10-02 21:34:48', NULL),
(66, 66, '542e89c0c06e5', 'H 126', '$2y$10$9rUynTAdgc4kGKNnR1eZJ.audFWSBCeZfsl7vqovUUlL144.u8Y9i', 369, 372, 33, 0, 1, 1, '730853', '2014-10-04 11:34:24', 1, 0, 1, '2014-10-02 21:34:48', NULL),
(67, 67, '542e89c0d5ef8', 'H 125', '$2y$10$GovGIO0Ukk4WAvL.TNvj4.woog3y7NVTGxmIcSysnVj3JRDxiakxe', 363, 366, 34, 0, 1, 1, '295936', '2014-10-04 11:34:24', 1, 0, 1, '2014-10-02 21:34:48', NULL),
(68, 68, '542e89c0ebd92', 'H 124', '$2y$10$MpRpMZpUyz8o7HrBDlXxF.aGsbPMcV2amj3jE8.Pnrj1snElU07XO', 359, 362, 34, 0, 1, 1, '662176', '2014-10-04 11:34:25', 1, 0, 1, '2014-10-02 21:34:48', NULL),
(69, 69, '542e89c10d1fc', 'H 123', '$2y$10$H.OaFwiKrZGvgJXj/qEu1uc2kbRvIzLRr.WTDRblhywbxiqlUiO/2', 351, 354, 35, 0, 1, 1, '453086', '2014-10-04 11:34:25', 1, 0, 1, '2014-10-02 21:34:48', NULL),
(70, 70, '542e89c123416', 'H 122', '$2y$10$qeIvt9gvvR.KSoUCD4Z0/u2cycQQtnr8gjs.IqGLcSbK7VtG4eh9y', 347, 350, 35, 0, 1, 1, '433447', '2014-10-04 11:34:25', 1, 0, 1, '2014-10-02 21:34:48', NULL),
(71, 71, '542e89c1388b0', 'H 121', '$2y$10$SnZq.Or/OdQViWnnL180UuQkBheMHJyCQCNSIO9U55ONjXWbM5v9a', 341, 344, 36, 0, 1, 1, '698175', '2014-10-04 11:34:25', 1, 0, 1, '2014-10-02 21:34:48', NULL),
(72, 72, '542e89c14e75c', 'H 120', '$2y$10$8d9u.XrAWm68qoYk3BuWOu88OemADKGBZDfKgGmrCjvndB3RKE4Za', 337, 340, 36, 0, 1, 1, '151336', '2014-10-04 11:34:25', 1, 0, 1, '2014-10-02 21:34:48', NULL),
(73, 73, '542e89c164be9', 'H 119', '$2y$10$l1UMQUt7WswdMyrUVTo0nenfjY.eBdxpVN7uYDWDRQYrYpr6nxzyO', 327, 330, 37, 0, 1, 1, '494708', '2014-10-04 11:34:25', 1, 0, 1, '2014-10-02 21:34:49', NULL),
(74, 74, '542e89c17a8b7', 'H 118', '$2y$10$4hXI7d.HOyOi9lb90XXAnOU2MVxZSWdeAuVqG0AAEGMkrsxBQSdiq', 323, 326, 37, 0, 1, 1, '713551', '2014-10-04 11:34:25', 1, 0, 1, '2014-10-02 21:34:49', NULL),
(75, 75, '542e89c1923d8', 'H 117', '$2y$10$5zVQ5YEYpYSFEzIsMSoJp.4R0lj/VTKfVczA7Nr51/dR.U589H8mC', 317, 320, 38, 0, 1, 1, '668177', '2014-10-04 11:34:25', 1, 0, 1, '2014-10-02 21:34:49', NULL),
(76, 76, '542e89c1a7dc2', 'H 116', '$2y$10$d5p1vtcM8/CYPjSo/lLy0uifGS9LWu2/tn/r4BiYHV7gnTd3V4sSS', 313, 316, 38, 0, 1, 1, '317364', '2014-10-04 11:34:25', 1, 0, 1, '2014-10-02 21:34:49', NULL),
(77, 77, '542e89c1be680', 'H 115', '$2y$10$9AjYeVrjyKLbIxv08lIcJuNdboQohQ9UayYpTV9VzisbzUvfcVEDy', 305, 308, 39, 0, 1, 1, '536849', '2014-10-04 11:34:25', 1, 0, 1, '2014-10-02 21:34:49', NULL),
(78, 78, '542e89c1d584a', 'H 114', '$2y$10$M0OoV1aEDmiDHkBrjXuuJesyKg76jUdVShNpwyriCHbxL7IxFh2Ja', 301, 304, 39, 0, 1, 1, '258957', '2014-10-04 11:34:25', 1, 0, 1, '2014-10-02 21:34:49', NULL),
(79, 79, '542e89c1ed0d9', 'H 113', '$2y$10$/.bwB6ai7Xrv1twFZXjClOthpd298qNEOjxtEOthY4JSxhOmp5Alq', 295, 298, 40, 0, 1, 1, '105770', '2014-10-04 11:34:26', 1, 0, 1, '2014-10-02 21:34:49', NULL),
(80, 80, '542e89c20f516', 'H 112', '$2y$10$kMXUm423XuIpuLjNYmPTousjULZKnXTufGvNPdZcCco6WhjHVRm6m', 291, 294, 40, 0, 1, 1, '445869', '2014-10-04 11:34:26', 1, 0, 1, '2014-10-02 21:34:49', NULL),
(81, 81, '542e89c227120', 'H 111', '$2y$10$URXcBNm1F0AguN7cYG67FuBI94PxionAg3RWfcDUn3w7n9kc3M5oG', 279, 282, 41, 0, 1, 1, '167535', '2014-10-04 11:34:26', 1, 0, 1, '2014-10-02 21:34:49', NULL),
(82, 82, '542e89c23e0ae', 'H 110', '$2y$10$bTFGyUdWo4AEvQ05ymmI3.bzIBxnLrtIiWz.CMRW/8gJJ08fGwaO6', 275, 278, 41, 0, 1, 1, '864925', '2014-10-04 11:34:26', 1, 0, 1, '2014-10-02 21:34:49', NULL),
(83, 83, '542e89c255d7b', 'H 109', '$2y$10$tOQYcPFoVGIDZQl5SNGbPuy.cbu7DQcLE4tOMDSEza27qPETaCPmK', 269, 272, 42, 0, 1, 1, '741794', '2014-10-04 11:34:26', 1, 0, 1, '2014-10-02 21:34:50', NULL),
(84, 84, '542e89c26d8d0', 'H 108', '$2y$10$s9RGn/Y4mZVIRe.vcPDuWOs..ojYLn/1Tn0wqc3CZMu5hRsrqHuS2', 265, 268, 42, 0, 1, 1, '174660', '2014-10-04 11:34:26', 1, 0, 1, '2014-10-02 21:34:50', NULL),
(85, 85, '542e89c28501b', 'H 107', '$2y$10$B4aT30OPHORjBf0YeLK8l.mXo46AsXGR2Bq/EGWN3lU.vW9r4C85e', 257, 260, 43, 0, 1, 1, '983716', '2014-10-04 11:34:26', 1, 0, 1, '2014-10-02 21:34:50', NULL),
(86, 86, '542e89c29bf2e', 'H 106', '$2y$10$/yPEToOi4w2AsOc2HLMbkO3Upog2nrDZHi8ZWG4DdBJ2XKikGtBhS', 253, 256, 43, 0, 1, 1, '086651', '2014-10-04 11:34:26', 1, 0, 1, '2014-10-02 21:34:50', NULL),
(87, 87, '542e89c2b3cd7', 'H 105', '$2y$10$KIWX.Wp/363UBohFnihXq.ortjkrSDyYddGeIZLRjXrpaN5DafulS', 247, 250, 44, 0, 1, 1, '450373', '2014-10-04 11:34:26', 1, 0, 1, '2014-10-02 21:34:50', NULL),
(88, 88, '542e89c2ccda2', 'H 104', '$2y$10$TfrcF1QMpMaTbkUJHyoew.JA2NKuvTMTvSFqTRYMb0Mx9TtaraoUK', 243, 246, 44, 0, 1, 1, '961017', '2014-10-04 11:34:26', 1, 0, 1, '2014-10-02 21:34:50', NULL),
(89, 89, '542e89c2e477f', 'H 103', '$2y$10$NHTTqLuVkbprxEdSWeQAYuUwfrxENMVEuqbNRhtjwg2A4yEhdu4qe', 233, 236, 45, 0, 1, 1, '305086', '2014-10-04 11:34:27', 1, 0, 1, '2014-10-02 21:34:50', NULL),
(90, 90, '542e89c3080ce', 'H 102', '$2y$10$y/y1ATReh0NtVvh/A2KChO0w6dprHjqEcXvcCOvSRxaSXNk0mfo8S', 229, 232, 45, 0, 1, 1, '574377', '2014-10-04 11:34:27', 1, 0, 1, '2014-10-02 21:34:50', NULL),
(91, 91, '542e89c3210dc', 'H 101', '$2y$10$sAclmvRGmCHBQTiAi2ZrfOh5FVJVHrre43eEHHmgG/kUwGDyuhn7G', 223, 226, 46, 0, 1, 1, '934226', '2014-10-04 11:34:27', 1, 0, 1, '2014-10-02 21:34:50', NULL),
(92, 92, '542e89c33a809', 'H 100', '$2y$10$eNN/AyiJ/qjOl4lRliieuO2y8dFUfAg/kt8ODm2ha3jRvx/H2Hzce', 219, 222, 46, 0, 1, 1, '990372', '2014-10-04 11:34:27', 1, 0, 1, '2014-10-02 21:34:50', NULL),
(93, 93, '542e89c353a98', 'H 99', '$2y$10$S4mL9M6.uFX2/CffJqspm.ZyCF2aspWIf4NGSeIuBVQGum17aX.ym', 211, 214, 47, 0, 1, 1, '996630', '2014-10-04 11:34:27', 1, 0, 1, '2014-10-02 21:34:51', NULL),
(94, 94, '542e89c36dcd5', 'H 98', '$2y$10$1lXLvTEhKLxQ66OlQBJij.dP6W6junIdZrYkhl/FHafAGs1koBl.S', 207, 210, 47, 0, 1, 1, '531361', '2014-10-04 11:34:27', 1, 0, 1, '2014-10-02 21:34:51', NULL),
(95, 95, '542e89c386c86', 'H 97', '$2y$10$EudT4IRArEQ5mVoBc2iDT.JzFy768xc3M7g0MjM7uujC4GuODnIsG', 201, 204, 48, 0, 1, 1, '208355', '2014-10-04 11:34:27', 1, 0, 1, '2014-10-02 21:34:51', NULL),
(96, 96, '542e89c3a0ff2', 'H 96', '$2y$10$6Jy0Jd.qZebZ6mOmNkaq9Oc4IP5ZsicvmL1DFYlRRZZ11Co3HOin.', 197, 200, 48, 0, 1, 1, '125371', '2014-10-04 11:34:27', 1, 0, 1, '2014-10-02 21:34:51', NULL),
(97, 97, '542e89c3ba144', 'H 95', '$2y$10$3kjGOJMBimCovfR63VkbV.hjX1esPr0lLwYU93Ng.5/wRowTcrE9W', 183, 186, 49, 0, 1, 1, '644445', '2014-10-04 11:34:27', 1, 0, 1, '2014-10-02 21:34:51', NULL),
(98, 98, '542e89c3d3d2e', 'H 94', '$2y$10$aWukvHjoCZuQuKBnp7Yty.ZSJLqpk.RnJofsHNwT3YOgVook5br5u', 179, 182, 49, 0, 1, 1, '274287', '2014-10-04 11:34:27', 1, 0, 1, '2014-10-02 21:34:51', NULL),
(99, 99, '542e89c3ef0e5', 'H 93', '$2y$10$iu0LGnAydSlgRdUXPL5Ctuy84wzu535HiY6lZoC1dF44qPvEDxYlC', 173, 176, 50, 0, 1, 1, '474992', '2014-10-04 11:34:28', 1, 0, 1, '2014-10-02 21:34:51', NULL),
(100, 100, '542e89c41688f', 'H 92', '$2y$10$x0a02eEqipm/5PA1FJpzsO6nZrH/Ltjuq2JpYXEr5rl9uGrU/VlmG', 169, 172, 50, 0, 1, 1, '602841', '2014-10-04 11:34:28', 1, 0, 1, '2014-10-02 21:34:51', NULL),
(101, 101, '542e89c430a16', 'H 91', '$2y$10$wsutUVAXjlo.pzlgPrw.S.lt.nySFRGpxiQ.wY1cuAPGan/RCrhPO', 161, 164, 51, 0, 1, 1, '646343', '2014-10-04 11:34:28', 1, 0, 1, '2014-10-02 21:34:51', NULL),
(102, 102, '542e89c44bc5c', 'H 90', '$2y$10$EmgGTWD8HOHXXhy32Q0qAO0unj2o.ZVmSFlnpaa3XjqJxjkR7k3xK', 157, 160, 51, 0, 1, 1, '861060', '2014-10-04 11:34:28', 1, 0, 1, '2014-10-02 21:34:51', NULL),
(103, 103, '542e89c46610d', 'H 89', '$2y$10$YmK7TCNzOMS7HF8G7U5hJuxgMDsJVXv4mQC6pZmFbf1RMUf5y13Mi', 151, 154, 52, 0, 1, 1, '462659', '2014-10-04 11:34:28', 1, 0, 1, '2014-10-02 21:34:52', NULL),
(104, 104, '542e89c482124', 'H 88', '$2y$10$dPDDn2Jooswhq6bsiXhn/uWw5xP4PUhol3jTtUJfG1PM92a5UbVEK', 147, 150, 52, 0, 1, 1, '903516', '2014-10-04 11:34:28', 1, 0, 1, '2014-10-02 21:34:52', NULL),
(105, 105, '542e89c49d588', 'H 87', '$2y$10$PGCqsx3qR2tw8e9gLq9UkOf.a3oiLJyjIwYZjf3la53vvL5pGzhB.', 137, 140, 53, 0, 1, 1, '424277', '2014-10-04 11:34:28', 1, 0, 1, '2014-10-02 21:34:52', NULL),
(106, 106, '542e89c4b8243', 'H 86', '$2y$10$yguVktMEBSiE.t3YEMUarOxGCDmE3AX/NzAkp1gujoW8CKsbFfb0S', 133, 136, 53, 0, 1, 1, '099105', '2014-10-04 11:34:28', 1, 0, 1, '2014-10-02 21:34:52', NULL),
(107, 107, '542e89c4d4bbf', 'H 85', '$2y$10$En4C.aEkzbGNmRjIc2CII.nEdy5.jhjG6x7uwEYsu24.ljQ7PIYPm', 127, 130, 54, 0, 1, 1, '572358', '2014-10-04 11:34:28', 1, 0, 1, '2014-10-02 21:34:52', NULL),
(108, 108, '542e89c4f0976', 'H 84', '$2y$10$3vC3b/GL8H/8YJyNHPh5DOOpiUbWfjotL8ENW32I5YZ/ASARmrEYi', 123, 126, 54, 0, 1, 1, '424622', '2014-10-04 11:34:29', 1, 0, 1, '2014-10-02 21:34:52', NULL),
(109, 109, '542e89c515947', 'H 83', '$2y$10$Cg4z7IwudEzxsZ2r5R2SOuvL82fWPdEzxb70W8rFQcn7z3kjVHFQi', 115, 118, 55, 0, 1, 1, '166680', '2014-10-04 11:34:29', 1, 0, 1, '2014-10-02 21:34:52', NULL),
(110, 110, '542e89c52d067', 'H 82', '$2y$10$5Bw9cEdjd.Q/o6caLwqkHOCjsg2UDp5EFCAczOrFCAsSHu6ALpJBm', 111, 114, 55, 0, 1, 1, '232864', '2014-10-04 11:34:29', 1, 0, 1, '2014-10-02 21:34:52', NULL),
(111, 111, '542e89c545585', 'H 81', '$2y$10$Yp3fOARsq501Ou8APvLah.QATrx3ITD.ihzY0P0WXCnP3rNWy2jri', 105, 108, 56, 0, 1, 1, '172850', '2014-10-04 11:34:29', 1, 0, 1, '2014-10-02 21:34:52', NULL),
(112, 112, '542e89c55e9ad', 'H 80', '$2y$10$nWYk2JxEk5YXWGMGahiW6e5KicrwgYt8NISxE3Wso/f74D7U4aNH2', 101, 104, 56, 0, 1, 1, '917349', '2014-10-04 11:34:29', 1, 0, 1, '2014-10-02 21:34:53', NULL),
(113, 113, '542e89c577283', 'H 79', '$2y$10$tJDUzPHMrxgZ5edGPNylK.zltQ.yGEVwZdCjsmGRpRZ2Ku.B/VfQa', 89, 92, 57, 0, 1, 1, '423577', '2014-10-04 11:34:29', 1, 0, 1, '2014-10-02 21:34:53', NULL),
(114, 114, '542e89c5900ed', 'H 78', '$2y$10$1tXlLmWJgxptspWxwRQVPuf/34AFu.gkJm8QhTuGKjM4foWvHUvl2', 85, 88, 57, 0, 1, 1, '364643', '2014-10-04 11:34:29', 1, 0, 1, '2014-10-02 21:34:53', NULL),
(115, 115, '542e89c5a9ead', 'H 77', '$2y$10$rsYOR2l3bK8Nc1zkT1iuR.r.gjhrst9YHyayMhULTps1rXPndD3fy', 79, 82, 58, 0, 1, 1, '731946', '2014-10-04 11:34:29', 1, 0, 1, '2014-10-02 21:34:53', NULL),
(116, 116, '542e89c5c447f', 'H 76', '$2y$10$nOJXayhitIMNxZGAHqASX.VELADgWmBnRv4vwwYRqTh8oUhk4SQg6', 75, 78, 58, 0, 1, 1, '580968', '2014-10-04 11:34:29', 1, 0, 1, '2014-10-02 21:34:53', NULL),
(117, 117, '542e89c5de444', 'H 75', '$2y$10$TjBeSenx3YTpytcYtaH.auf8L4JTocl.I1uWyhNbs9fscywkwt1dG', 67, 70, 59, 0, 1, 1, '857858', '2014-10-04 11:34:29', 1, 0, 1, '2014-10-02 21:34:53', NULL),
(118, 118, '542e89c603963', 'H 74', '$2y$10$AcVsSMuWxWQYr/q9mk98i..F6Yem9WzQJgL3iiM6733q2cJJPfKbS', 63, 66, 59, 0, 1, 1, '083830', '2014-10-04 11:34:30', 1, 0, 1, '2014-10-02 21:34:53', NULL),
(119, 119, '542e89c61ec29', 'H 73', '$2y$10$KvFBd/JunMQUz/B.MeCQO.QYVnzXtayycpBo5RMdQSfRGZB/cjsJW', 57, 60, 60, 0, 1, 1, '248120', '2014-10-04 11:34:30', 1, 0, 1, '2014-10-02 21:34:53', NULL),
(120, 120, '542e89c63a56d', 'H 72', '$2y$10$CjyolIWkTgNoX0hH1Iz7KuYd9Jb/Dsb5zG4BTWzDFNmWuNAjvGhbu', 53, 56, 60, 0, 1, 1, '897162', '2014-10-04 11:34:30', 1, 0, 1, '2014-10-02 21:34:53', NULL),
(121, 121, '542e89c65650e', 'H 71', '$2y$10$AM1Ipb6t5mEjwzpjrrEAX.30SbRde9vNLajFw6fUg1n3hUVZp3/Hu', 43, 46, 61, 0, 1, 1, '504093', '2014-10-04 11:34:30', 1, 0, 1, '2014-10-02 21:34:54', NULL),
(122, 122, '542e89c672af5', 'H 70', '$2y$10$8xUqJd9bbQd4zKHu1RXym.vR8varm9MvrJfv2L5r2XYr.lfAcIQia', 39, 42, 61, 0, 1, 1, '193139', '2014-10-04 11:34:30', 1, 0, 1, '2014-10-02 21:34:54', NULL),
(123, 123, '542e89c68d949', 'H 69', '$2y$10$TP4kI.9O9urjHTrSrmJp2OAr6m9vIkvZCyD8VeiYR0TSBcCR5piBe', 33, 36, 62, 0, 1, 1, '753502', '2014-10-04 11:34:30', 1, 0, 1, '2014-10-02 21:34:54', NULL),
(124, 124, '542e89c6a9956', 'H 68', '$2y$10$CKbU2xjSOElv4t0yA4XmVuJ7lwsP8vLsoJUzrVxaqpJPjiAS2MgEi', 29, 32, 62, 0, 1, 1, '812412', '2014-10-04 11:34:30', 1, 0, 1, '2014-10-02 21:34:54', NULL),
(125, 125, '542e89c6c4e2c', 'H 67', '$2y$10$A1vqJ6sCtyMUrqHIy2jiOe0XgXPRLHRFH3oQGEKDdFJjA5Uaa8Wa.', 21, 24, 63, 0, 1, 1, '655581', '2014-10-04 11:34:30', 1, 0, 1, '2014-10-02 21:34:54', NULL),
(126, 126, '542e89c6e0dbb', 'H 66', '$2y$10$Fee9yXyx1WUSsfzR3FP/CetzKQStYVeLq0tIRzNrLYDqSI0EnBlt2', 17, 20, 63, 0, 1, 1, '316077', '2014-10-04 11:34:30', 1, 0, 1, '2014-10-02 21:34:54', NULL),
(127, 127, '542e89c708d59', 'H 65', '$2y$10$sduPOxccpHuqq3QTJ4p6be0lAKtSOnB4Bbtpz0Voqfq2e1El33q0G', 11, 14, 64, 0, 1, 1, '536923', '2014-10-04 11:34:31', 1, 0, 1, '2014-10-02 21:34:54', NULL),
(128, 128, '542e89c73568e', 'H 64', '$2y$10$sxp1GYOm97FRcBep2eCaHOmrmQ8D9PE3gAD/QnsXysA5zC4aGikZC', 7, 10, 64, 0, 1, 1, '247556', '2014-10-04 11:34:31', 1, 0, 1, '2014-10-02 21:34:54', NULL),
(129, 129, 'admvio007', 'Admin', '$2y$10$j2agMm5NF5Mc1XcHCIa0qeCmgxKJsUC7psLRcZU8VSdOzNX9iq4uy', -1, -1, 0, 0, 1, 0, '022935', '2014-10-08 13:01:27', 1, 0, 1, '2014-10-03 04:28:19', NULL),
(131, 131, '5433e7f96aee1', 'markus.hartono', '$2y$10$F647Xm8JbF0CUJbYsIyE5OceJ08304UXHYZGB.5HpRf1RG1a/5ZmO', 8, 9, 128, 129, 1, 1, '310326', '2014-10-08 13:17:45', 0, 0, 1, '2014-10-07 13:17:45', '2014-10-07 13:17:45'),
(132, 132, '5433ee0d9d0d2', 'andya.berna', '$2y$10$VHp.ZF4rB8cHwL4N.77FeeaxQ33/jv.kVdALIESiyZBPJPcXlh.rC', 12, 13, 127, 129, 1, 2, '457284', '2014-10-08 13:43:41', 0, 0, 1, '2014-10-07 13:43:41', '2014-10-07 13:43:41'),
(133, 133, '5433f0c35c257', 'budi.hartono', '$2y$10$UjizOP093BCvDqPMzFLAwOmCEveK0DsHZgt33d/GWgDqQKJrj87ly', 18, 19, 126, 129, 1, 2, '494010', '2014-10-08 13:55:15', 0, 0, 1, '2014-10-07 13:55:15', '2014-10-07 13:55:15'),
(134, 134, '5433f29495d42', 'juzak', '$2y$10$jy5oqzrizXpM8jQ/782p1.PMGeuKdgLHbyHR8EgmSE7TxTqfGrY8W', 22, 23, 125, 129, 1, 2, '650272', '2014-10-08 14:03:00', 0, 0, 1, '2014-10-07 14:03:00', '2014-10-07 14:03:00'),
(135, 135, '5433f31d6a9a0', 'robertus.juliyanto', '$2y$10$kFiD8mN8jU5TckRz9zfE5OIyaGZNQV8fq2/HRlO3.t6Ek2XUyK6qy', 30, 31, 124, 129, 1, 2, '580040', '2014-10-08 14:05:17', 0, 0, 1, '2014-10-07 14:05:17', '2014-10-07 14:05:17'),
(136, 136, '5433f54911b03', 'setiadi', '$2y$10$6OKIn/sW3ejEpLAW7o4SF./ifRTAuhKdRQq33vnuylgLRLmaIZ6ri', 34, 35, 123, 129, 1, 2, '327415', '2014-10-08 14:14:33', 0, 0, 1, '2014-10-07 14:14:33', '2014-10-07 14:14:33'),
(137, 137, '5433f6077e66b', 'muchtar.riadi', '$2y$10$aVwRvZxMF1cgZyRfgm56Cu10SbuKSN3CMXdcP2P7JbM7lvVh4g0kq', 40, 41, 122, 129, 1, 2, '163843', '2014-10-08 14:17:43', 0, 0, 1, '2014-10-07 14:17:43', '2014-10-07 14:17:43'),
(138, 138, '5433f6a67ceab', 'slamet.riyadi', '$2y$10$./mU/NaTJ5ku1mln2TqcKeJ6bU1pM9yHrc7lKQld7DLdYno.IGtUq', 44, 45, 121, 129, 1, 2, '538018', '2014-10-08 14:20:22', 0, 0, 1, '2014-10-07 14:20:22', '2014-10-07 14:20:22'),
(139, 139, '5433f7384b6fd', 'amriyanto', '$2y$10$T7m7bJQE8kurC8yd945vKuY758CgbuYAMg0W1FUmNllRArfJWuGpO', 54, 55, 120, 129, 1, 2, '947405', '2014-10-08 14:22:48', 0, 0, 1, '2014-10-07 14:22:48', '2014-10-07 14:22:48'),
(140, 140, '5433f7acb472c', 'budiman', '$2y$10$t1w1lMHpltHmxm4Ws05kmuymjO446lOD6juaRpN93uOg9mMwWfQW2', 58, 59, 119, 129, 1, 2, '297115', '2014-10-08 14:24:44', 0, 0, 1, '2014-10-07 14:24:44', '2014-10-07 14:24:44'),
(141, 141, '5433f8302a39d', 'hadi.santoso', '$2y$10$WX6Nyk9CcdNH/rmlfqhSgOhvEfgGL2z/XhD1O5dda6PkDkd.evhyS', 64, 65, 118, 129, 1, 2, '519304', '2014-10-08 14:26:56', 0, 0, 1, '2014-10-07 14:26:56', '2014-10-07 14:26:56'),
(142, 142, '5433f87d804bc', 'syaikhu.akramuddin', '$2y$10$s.tRVLhDYynYdhR6SHPJXubEPbvwn//TNOqfNFEr/4vhz6Fi.ho6y', 68, 69, 117, 129, 1, 2, '175736', '2014-10-08 14:28:13', 0, 0, 1, '2014-10-07 14:28:13', '2014-10-07 14:28:13'),
(143, 143, '5433fe74ed3a2', 'prl13', '$2y$10$hvvJaIpo.A5hGwQjuUCmSeMN1xg5bix8H1gso6mOZxGl41w2Wv4gW', 76, 77, 116, 129, 1, 2, '277330', '2014-10-08 14:53:40', 0, 0, 1, '2014-10-07 14:53:40', '2014-10-07 14:53:40'),
(144, 144, '5433fed6a0206', 'prl14', '$2y$10$OKjtHfUSANJc8BBKG0R0uel/GYSU5iQtV/VMZDJSHKNwS.RJG3Eya', 80, 81, 115, 129, 1, 2, '815271', '2014-10-08 14:55:18', 0, 0, 1, '2014-10-07 14:55:18', '2014-10-07 14:55:18'),
(145, 145, '5433ffbeafa4c', 'prl15', '$2y$10$cAxeWwyaRtJuHLZl38FgWuxDVk0EXOLBkh3IppWWKNghOc/3bbpcG', 86, 87, 114, 129, 1, 2, '144133', '2014-10-08 14:59:10', 0, 0, 1, '2014-10-07 14:59:10', '2014-10-07 14:59:10'),
(146, 146, '5434000872881', 'prl16', '$2y$10$8gOmnp33CNyZOAfGbzwCQ.UKPzSyaBJ2Wm5aeovTjeV4ty4/sbGW6', 90, 91, 113, 129, 1, 2, '672211', '2014-10-08 15:00:24', 0, 0, 1, '2014-10-07 15:00:24', '2014-10-07 15:00:24'),
(147, 147, '5434006b3fc6c', 'prl17', '$2y$10$g7vS.sK/NWibrObkJPz63OlHsJPGiNxpjd7OnUGgOPJPerAoRqvAW', 102, 103, 112, 129, 1, 2, '427676', '2014-10-08 15:02:03', 0, 0, 1, '2014-10-07 15:02:03', '2014-10-07 15:02:03'),
(148, 148, '543400c6b0cde', 'prl18', '$2y$10$PmA8sWHjvFmtdvp3zIfICeYSIUpmPYIKBNqlkTaDlcQK8j8WJCO/a', 106, 107, 111, 129, 1, 2, '112193', '2014-10-08 15:03:34', 0, 0, 1, '2014-10-07 15:03:34', '2014-10-07 15:03:34'),
(149, 149, '543401016d6e1', 'prl19', '$2y$10$nV2cZhMwcEBBE4t7rGaWw.inFrZb96VYGs.9m9vfi3HcizUZz9rQK', 112, 113, 110, 129, 1, 2, '637226', '2014-10-08 15:04:33', 0, 0, 1, '2014-10-07 15:04:33', '2014-10-07 15:04:33'),
(150, 150, '543401439d8d0', 'prl20', '$2y$10$1Usv5o0fch8QCNBaf03P3e8AGUgGTZraKHWGSP.u6rPGg8f1hTD/2', 116, 117, 109, 129, 1, 2, '915529', '2014-10-08 15:05:39', 0, 0, 1, '2014-10-07 15:05:39', '2014-10-07 15:05:39'),
(151, 151, '5434017ceef40', 'prl21', '$2y$10$4dorYz40H0iadf84e85LBeXZeMePho1nUo8xbYFkRa2achH4FAiW6', 124, 125, 108, 129, 1, 2, '396687', '2014-10-08 15:06:36', 0, 0, 1, '2014-10-07 15:06:36', '2014-10-07 15:06:36'),
(152, 152, '543401f5de649', 'prl22', '$2y$10$5vKWjxq7nBbPBFOmMLvz1ONWL.weTQNTbBtH.ORpoMMy7T6X70O4K', 128, 129, 107, 129, 1, 2, '368014', '2014-10-08 15:08:37', 0, 0, 1, '2014-10-07 15:08:37', '2014-10-07 15:08:37'),
(153, 153, '543402428ed77', 'prl23', '$2y$10$CFmeeKK.W8sK2RF1NXOoaeu4P1p6OmtNYupkBHdfC0Rhh9/Oj8tRO', 134, 135, 106, 129, 1, 2, '461259', '2014-10-08 15:09:54', 0, 0, 1, '2014-10-07 15:09:54', '2014-10-07 15:09:54'),
(154, 154, '5434027e431e0', 'prl24', '$2y$10$nftbDZppIHPkNCJfQ7ggkedhXlmeAD31Dow3NrYI8psi5p5c5uu9q', 138, 139, 105, 129, 1, 2, '751913', '2014-10-08 15:10:54', 0, 0, 1, '2014-10-07 15:10:54', '2014-10-07 15:10:54'),
(155, 155, '5434060d1f63c', 'prl25', '$2y$10$2yTxyXLiJb3QfkxXakGuputm9Gc4FMs94aOkxMc1.hxUh2zLFDY2m', 148, 149, 104, 129, 1, 2, '095583', '2014-10-08 15:26:05', 0, 0, 1, '2014-10-07 15:26:05', '2014-10-07 15:26:05'),
(156, 156, '54340640756ca', 'prl26', '$2y$10$Ns7DG0MmNT2/FVfUetxVi.vDEmbVcxE/rl.BQ7rqNpZhqts2sKjsO', 152, 153, 103, 129, 1, 2, '367111', '2014-10-08 15:26:56', 0, 0, 1, '2014-10-07 15:26:56', '2014-10-07 15:26:56'),
(157, 157, '5434067a95575', 'prl27', '$2y$10$XLXl41I7.YtUIVQCciQTSOsdU6PTvfMqxjbiszyTGF22W1F.qv5gm', 158, 159, 102, 129, 1, 2, '192172', '2014-10-08 15:27:54', 0, 0, 1, '2014-10-07 15:27:54', '2014-10-07 15:27:54'),
(158, 158, '543406b9131e8', 'prl28', '$2y$10$2kxdM7H8dj2vSmhww9k3weGL9XznynGmWksYM8Q6gfuPHe/3hNn4S', 162, 163, 101, 129, 1, 2, '210180', '2014-10-08 15:28:57', 0, 0, 1, '2014-10-07 15:28:57', '2014-10-07 15:28:57'),
(159, 159, '543406f6f088e', 'prl29', '$2y$10$5LcYulCNkJhixMg3h2w6qefFFXzl.3eJX.I.hYRKxSxvqP4Y3Mety', 170, 171, 100, 129, 1, 2, '877687', '2014-10-08 15:29:58', 0, 0, 1, '2014-10-07 15:29:58', '2014-10-07 15:29:58'),
(160, 160, '54340747ee1e0', 'prl30', '$2y$10$CwXDNRLbP4VNwOQRga5qGuc0DgAmLnBaCAy/lWEfkKKNRlJ6RF5H2', 174, 175, 99, 129, 1, 2, '163150', '2014-10-08 15:31:19', 0, 0, 1, '2014-10-07 15:31:19', '2014-10-07 15:31:19'),
(161, 161, '543407f985f2e', 'prl31', '$2y$10$xUDNlbZxtPzWsUC2DXqNZ.Waom9EgleQVkO3TYT2hCSrkaqTTRS0e', 180, 181, 98, 129, 1, 2, '498516', '2014-10-08 15:34:17', 0, 0, 1, '2014-10-07 15:34:17', '2014-10-07 15:34:17'),
(162, 162, '5434084d4b6df', 'prl32', '$2y$10$MVDV3uHAmYMFlhQ1OWBa7OYc7xNnDJtDQiko30llXKux7eg5kQOwW', 184, 185, 97, 129, 1, 2, '140431', '2014-10-08 15:35:41', 0, 0, 1, '2014-10-07 15:35:41', '2014-10-07 15:35:41'),
(163, 163, '54340891247a5', 'prl33', '$2y$10$v2rzloJjUx/Hq4Z5OMGK9uqeR8DRrBIS0gj3u10I277WdreAGqR5q', 198, 199, 96, 129, 1, 2, '061100', '2014-10-08 15:36:49', 0, 0, 1, '2014-10-07 15:36:49', '2014-10-07 15:36:49'),
(164, 164, '543408c299e93', 'prl34', '$2y$10$KFdRMaxWTPI7HzYpT8163.68nTVt64uQGPc7o4V.7252LCTAjM1RW', 202, 203, 95, 129, 1, 2, '452058', '2014-10-08 15:37:38', 0, 0, 1, '2014-10-07 15:37:38', '2014-10-07 15:37:38'),
(165, 165, '5434090526b1d', 'prl35', '$2y$10$8uxm9yIbA2Mlqf6sPwmJNOfnNuk9AJTCBhBnzVqhwyM6fJTNZjEYS', 208, 209, 94, 129, 1, 2, '462110', '2014-10-08 15:38:45', 0, 0, 1, '2014-10-07 15:38:45', '2014-10-07 15:38:45'),
(166, 166, '54340937b3d2f', 'prl36', '$2y$10$QlgR01ZNLMJV.KHHmBfPlOuNI8TKZ6Us//MH1SBNVfVBmhepaOKja', 212, 213, 93, 129, 1, 2, '342762', '2014-10-08 15:39:35', 0, 0, 1, '2014-10-07 15:39:35', '2014-10-07 15:39:35'),
(167, 167, '5434097d5fd27', 'prl37', '$2y$10$1tlenWkA00yXjDCi9vA0KuWgiFxoKzvOvlEhVfHW62VGjnUP7O0C6', 220, 221, 92, 129, 1, 2, '426437', '2014-10-08 15:40:45', 0, 0, 1, '2014-10-07 15:40:45', '2014-10-07 15:40:45'),
(168, 168, '543409c24b76f', 'prl38', '$2y$10$.gfky3qrDug1aXk1tLPWHOoMOl5Zr8j4SxrOpcw4VPdAV40TBBjJW', 224, 225, 91, 129, 1, 2, '163004', '2014-10-08 15:41:54', 0, 0, 1, '2014-10-07 15:41:54', '2014-10-07 15:41:54'),
(169, 169, '543409fa45830', 'prl39', '$2y$10$zYgUD/uZzT5RbPsYTFOFM.O.lCShbCdT2YLOdKD9AwsrdFU.2.n3.', 230, 231, 90, 129, 1, 2, '070220', '2014-10-08 15:42:50', 0, 0, 1, '2014-10-07 15:42:50', '2014-10-07 15:42:50'),
(170, 170, '54340a353923e', 'prl40', '$2y$10$P0NuNKVoVpLeXHDa6a2j6.kPe5AKn7wMchBbX0KBexD5eu6iast9.', 234, 235, 89, 129, 1, 2, '988255', '2014-10-08 15:43:49', 0, 0, 1, '2014-10-07 15:43:49', '2014-10-07 15:43:49'),
(171, 171, '54340a6b84d6e', 'prl41', '$2y$10$/J3.AnhqKHmChrssa8SFa.o4cH52xq0Nuznut12Vdge9ArMnSckui', 244, 245, 88, 129, 1, 2, '526370', '2014-10-08 15:44:43', 0, 0, 1, '2014-10-07 15:44:43', '2014-10-07 15:44:43'),
(172, 172, '54340a9df1730', 'prl42', '$2y$10$k1IR/OEzO28DWCnn6sPz/e0AilW9Ju1yEYunB9JL6NIIcGvkN6aN6', 248, 249, 87, 129, 1, 2, '003136', '2014-10-08 15:45:33', 0, 0, 1, '2014-10-07 15:45:33', '2014-10-07 15:45:33'),
(173, 173, '54340afc3ec48', 'prl43', '$2y$10$EeEy9FNUK6xUfKxkWWrT7e3GzbYkak.ESXxMDU19fe8tx8BBzl4qW', 254, 255, 86, 129, 1, 2, '991137', '2014-10-08 15:47:08', 0, 0, 1, '2014-10-07 15:47:08', '2014-10-07 15:47:08'),
(174, 174, '54340b37918af', 'prl44', '$2y$10$s.WFRzlHQVJ7rtF8kKVBKeLKNn0oRLaic3LG4iAo8dqlteo2CNATW', 258, 259, 85, 129, 1, 2, '085452', '2014-10-08 15:48:07', 0, 0, 1, '2014-10-07 15:48:07', '2014-10-07 15:48:07'),
(175, 175, '54340b76f101a', 'prl45', '$2y$10$yQIjqoPVUJSBa7Jb4eJfQOWYQzBFKOi959.Wu0RuSsgte2lc8SPhO', 266, 267, 84, 129, 1, 2, '979339', '2014-10-08 15:49:10', 0, 0, 1, '2014-10-07 15:49:10', '2014-10-07 15:49:10'),
(176, 176, '54340ba8accfd', 'prl46', '$2y$10$yRxZ2xfDq1bDfKrmXQ9uvO6gIOisfVK7jdxC13QkctkqjUiJVOMqq', 270, 271, 83, 129, 1, 2, '360714', '2014-10-08 15:50:00', 0, 0, 1, '2014-10-07 15:50:00', '2014-10-07 15:50:00'),
(177, 177, '54340bde40531', 'prl47', '$2y$10$SKMRtkGWKn7T/BGPcpYa5O9rIiH.tT5URc87SYj42H9fHHH5Vpacq', 276, 277, 82, 129, 1, 2, '350244', '2014-10-08 15:50:54', 0, 0, 1, '2014-10-07 15:50:54', '2014-10-07 15:50:54'),
(178, 178, '54340c1d3d115', 'prl48', '$2y$10$Z1B2KUsMHt0TAAjViNJDJuD61qAcrOrY54OH05nBMBUROuJViad22', 280, 281, 81, 129, 1, 2, '304265', '2014-10-08 15:51:57', 0, 0, 1, '2014-10-07 15:51:57', '2014-10-07 15:51:57'),
(179, 179, '54340c572015d', 'prl49', '$2y$10$MzIc.6fXp4CXoK161Aok6.1s7KgM5ZZbnXBwCRJ45nA3D4luj9gLK', 292, 293, 80, 129, 1, 2, '022959', '2014-10-08 15:52:55', 0, 0, 1, '2014-10-07 15:52:55', '2014-10-07 15:52:55'),
(180, 180, '54340c8caa30b', 'prl50', '$2y$10$iARm2StP3RLQN1XRh73gVODCYxeUhETfTMuKFomUNU0v1Gqh9cDvu', 296, 297, 79, 129, 1, 2, '301996', '2014-10-08 15:53:48', 0, 0, 1, '2014-10-07 15:53:48', '2014-10-07 15:53:48'),
(181, 182, '54340d95072f2', 'prl51', '$2y$10$WglqQUwkzoGxDaiPn83RiObmi4E0djyFqOLvIsFy7x4iOGcjqqLQi', 302, 303, 78, 129, 1, 2, '880632', '2014-10-08 15:58:13', 0, 0, 1, '2014-10-07 15:58:13', '2014-10-07 15:58:13'),
(182, 183, '54340dc79f276', 'prl52', '$2y$10$LyveRw.UsIm2KwrNdLKl3.aBFNTdHId6I29i8PP8Eqo78ejfomq8S', 306, 307, 77, 129, 1, 2, '127910', '2014-10-08 15:59:03', 0, 0, 1, '2014-10-07 15:59:03', '2014-10-07 15:59:03'),
(183, 184, '54340dfc6ead5', 'prl53', '$2y$10$F4JQDXq6C30r5mbMGMnNX.JZQpF7aYQg8gjzYNfYAuJDW4A06ZR7q', 314, 315, 76, 129, 1, 2, '598916', '2014-10-08 15:59:56', 0, 0, 1, '2014-10-07 15:59:56', '2014-10-07 15:59:56'),
(184, 185, '54340e2fbd9ca', 'prl54', '$2y$10$wZuG8ZhPqRySxDsmO/GpnOPMXBu/Rs8jj9GKfNt4132.8IuUjfIey', 318, 319, 75, 129, 1, 2, '157874', '2014-10-08 16:00:47', 0, 0, 1, '2014-10-07 16:00:47', '2014-10-07 16:00:47'),
(185, 186, '54340e5e77c45', 'prl55', '$2y$10$AvBZnk.rsbU4KlId/kWC3.oAP4J07rFaIJFVezPlF6nw1PMTfN5tK', 324, 325, 74, 129, 1, 2, '286979', '2014-10-08 16:01:34', 0, 0, 1, '2014-10-07 16:01:34', '2014-10-07 16:01:34'),
(186, 187, '54340e9188d6b', 'prl56', '$2y$10$1PoKCtSIxjk.siNPrf0xseNCHiY2VfiVUg04jVS3Netuf21D3tzLK', 328, 329, 73, 129, 1, 2, '418309', '2014-10-08 16:02:25', 0, 0, 1, '2014-10-07 16:02:25', '2014-10-07 16:02:25'),
(187, 188, '54340ebf7bf34', 'prl57', '$2y$10$U7p11LicZApCtNkNnDnDRe0e4C2N3neFWiWzd8gCGhVXqzsqA3a72', 338, 339, 72, 129, 1, 2, '237194', '2014-10-08 16:03:11', 0, 0, 1, '2014-10-07 16:03:11', '2014-10-07 16:03:11'),
(188, 189, '54340efaba8b1', 'prl58', '$2y$10$3iN7ykAwh4cbqbSNPoJT2.XOckYzkm6Zko2G1UCw8sTprofdJayO2', 342, 343, 71, 129, 1, 2, '534683', '2014-10-08 16:04:10', 0, 0, 1, '2014-10-07 16:04:10', '2014-10-07 16:04:10'),
(189, 190, '54340f35c93e2', 'prl59', '$2y$10$4JU23jX3rKP2KDUBqQhydeB6svdK/.tEy1k6zJrssSrDp.w23IFYy', 348, 349, 70, 129, 1, 2, '115220', '2014-10-08 16:05:09', 0, 0, 1, '2014-10-07 16:05:09', '2014-10-07 16:05:09'),
(190, 191, '54340f66cdea6', 'prl60', '$2y$10$9dT9Z4Kx8F7DJdDeeyY/CecWAqnTA6T7whGvjSo9cXC7FASIGT.5m', 352, 353, 69, 129, 1, 2, '756845', '2014-10-08 16:05:58', 0, 0, 1, '2014-10-07 16:05:58', '2014-10-07 16:05:58'),
(191, 192, '54340f9c9d0ec', 'prl61', '$2y$10$zK9slO7LD9uQ2rWWEW1ffujgvmIjbGemVi7b10sEsnh9QX0KF/2M.', 360, 361, 68, 129, 1, 2, '309616', '2014-10-08 16:06:52', 0, 0, 1, '2014-10-07 16:06:52', '2014-10-07 16:06:52'),
(192, 193, '54340fcf77228', 'prl62', '$2y$10$C01tgDROJTz140zfrPO4FOzbB5NCtyM2SSKexh16ICLAO3VT6zxb.', 364, 365, 67, 129, 1, 2, '433764', '2014-10-08 16:07:43', 0, 0, 1, '2014-10-07 16:07:43', '2014-10-07 16:07:43'),
(193, 194, '54340ff9d3aef', 'prl63', '$2y$10$Yta2y76t.cX21V2BwTUYMOjzR92Qg9U2Q4C/EeuXAf2kuxWEVyDfu', 370, 371, 66, 129, 1, 2, '437533', '2014-10-08 16:08:25', 0, 0, 1, '2014-10-07 16:08:25', '2014-10-07 16:08:25'),
(194, 195, '5434103c6f18f', 'prl64', '$2y$10$zJHXps5Up4ZmjfMYhuKE5OcIB6/7Xif9Xdik8MMnKTqL2AojOm6Jq', 374, 375, 65, 129, 1, 2, '053275', '2014-10-08 16:09:32', 0, 0, 1, '2014-10-07 16:09:32', '2014-10-07 16:09:32');

-- --------------------------------------------------------

--
-- Table structure for table `akun_withdraw`
--

CREATE TABLE IF NOT EXISTS `akun_withdraw` (
  `withdraw_kd` varchar(14) COLLATE utf8_unicode_ci NOT NULL,
  `id_akun` bigint(20) NOT NULL,
  `withdraw_date` timestamp NOT NULL DEFAULT CURRENT_TIMESTAMP,
  `jml_from_growth` bigint(20) NOT NULL,
  `jml_from_bonus` bigint(20) NOT NULL,
  `jml_from_recfund` bigint(20) NOT NULL
) ENGINE=InnoDB DEFAULT CHARSET=utf8 COLLATE=utf8_unicode_ci;

-- --------------------------------------------------------

--
-- Table structure for table `anggota`
--

CREATE TABLE IF NOT EXISTS `anggota` (
`id` bigint(20) NOT NULL,
  `nama` varchar(50) COLLATE utf8_unicode_ci NOT NULL,
  `ktp` varchar(25) COLLATE utf8_unicode_ci NOT NULL,
  `email` varchar(45) COLLATE utf8_unicode_ci NOT NULL,
  `hp` varchar(20) COLLATE utf8_unicode_ci NOT NULL,
  `alamat` varchar(255) COLLATE utf8_unicode_ci DEFAULT NULL,
  `kota` varchar(45) COLLATE utf8_unicode_ci DEFAULT NULL,
  `scan_ktp` varchar(255) COLLATE utf8_unicode_ci DEFAULT NULL,
  `anggota_type` int(11) NOT NULL DEFAULT '5',
  `created_at` timestamp NOT NULL DEFAULT CURRENT_TIMESTAMP,
  `updated_at` timestamp NOT NULL DEFAULT '0000-00-00 00:00:00'
) ENGINE=InnoDB  DEFAULT CHARSET=utf8 COLLATE=utf8_unicode_ci AUTO_INCREMENT=196 ;

--
-- Dumping data for table `anggota`
--

INSERT INTO `anggota` (`id`, `nama`, `ktp`, `email`, `hp`, `alamat`, `kota`, `scan_ktp`, `anggota_type`, `created_at`, `updated_at`) VALUES
(1, 'System Administrator', '0000000000064000000000000', 'sa@vionir.com', '080808080808', NULL, NULL, '-', 1, '2014-10-02 16:48:11', '2014-10-03 06:47:47'),
(2, 'H 1', '0000000000000000000000001', 'h1@vionir.com', '08090000000000000001', NULL, NULL, NULL, 3, '2014-10-02 21:34:42', '0000-00-00 00:00:00'),
(3, 'H 3', '0000000000000000000000003', 'h3@vionir.com', '08090000000000000003', NULL, NULL, NULL, 3, '2014-10-02 21:34:42', '0000-00-00 00:00:00'),
(4, 'H 2', '0000000000000000000000002', 'h2@vionir.com', '08090000000000000002', NULL, NULL, NULL, 3, '2014-10-02 21:34:42', '0000-00-00 00:00:00'),
(5, 'H 7', '0000000000000000000000007', 'h7@vionir.com', '08090000000000000007', NULL, NULL, NULL, 3, '2014-10-02 21:34:42', '0000-00-00 00:00:00'),
(6, 'H 6', '0000000000000000000000006', 'h6@vionir.com', '08090000000000000006', NULL, NULL, NULL, 3, '2014-10-02 21:34:42', '0000-00-00 00:00:00'),
(7, 'H 5', '0000000000000000000000005', 'h5@vionir.com', '08090000000000000005', NULL, NULL, NULL, 3, '2014-10-02 21:34:42', '0000-00-00 00:00:00'),
(8, 'H 4', '0000000000000000000000004', 'h4@vionir.com', '08090000000000000004', NULL, NULL, NULL, 3, '2014-10-02 21:34:43', '0000-00-00 00:00:00'),
(9, 'H 15', '0000000000000000000000015', 'h15@vionir.com', '08090000000000000015', NULL, NULL, NULL, 3, '2014-10-02 21:34:43', '0000-00-00 00:00:00'),
(10, 'H 14', '0000000000000000000000014', 'h14@vionir.com', '08090000000000000014', NULL, NULL, NULL, 3, '2014-10-02 21:34:43', '0000-00-00 00:00:00'),
(11, 'H 13', '0000000000000000000000013', 'h13@vionir.com', '08090000000000000013', NULL, NULL, NULL, 3, '2014-10-02 21:34:43', '0000-00-00 00:00:00'),
(12, 'H 12', '0000000000000000000000012', 'h12@vionir.com', '08090000000000000012', NULL, NULL, NULL, 3, '2014-10-02 21:34:43', '0000-00-00 00:00:00'),
(13, 'H 11', '0000000000000000000000011', 'h11@vionir.com', '08090000000000000011', NULL, NULL, NULL, 3, '2014-10-02 21:34:43', '0000-00-00 00:00:00'),
(14, 'H 10', '0000000000000000000000010', 'h10@vionir.com', '08090000000000000010', NULL, NULL, NULL, 3, '2014-10-02 21:34:43', '0000-00-00 00:00:00'),
(15, 'H 9', '0000000000000000000000009', 'h9@vionir.com', '08090000000000000009', NULL, NULL, NULL, 3, '2014-10-02 21:34:43', '0000-00-00 00:00:00'),
(16, 'H 8', '0000000000000000000000008', 'h8@vionir.com', '08090000000000000008', NULL, NULL, NULL, 3, '2014-10-02 21:34:43', '0000-00-00 00:00:00'),
(17, 'H 31', '0000000000000000000000031', 'h31@vionir.com', '08090000000000000031', NULL, NULL, NULL, 3, '2014-10-02 21:34:43', '0000-00-00 00:00:00'),
(18, 'H 30', '0000000000000000000000030', 'h30@vionir.com', '08090000000000000030', NULL, NULL, NULL, 3, '2014-10-02 21:34:43', '0000-00-00 00:00:00'),
(19, 'H 29', '0000000000000000000000029', 'h29@vionir.com', '08090000000000000029', NULL, NULL, NULL, 3, '2014-10-02 21:34:44', '0000-00-00 00:00:00'),
(20, 'H 28', '0000000000000000000000028', 'h28@vionir.com', '08090000000000000028', NULL, NULL, NULL, 3, '2014-10-02 21:34:44', '0000-00-00 00:00:00'),
(21, 'H 27', '0000000000000000000000027', 'h27@vionir.com', '08090000000000000027', NULL, NULL, NULL, 3, '2014-10-02 21:34:44', '0000-00-00 00:00:00'),
(22, 'H 26', '0000000000000000000000026', 'h26@vionir.com', '08090000000000000026', NULL, NULL, NULL, 3, '2014-10-02 21:34:44', '0000-00-00 00:00:00'),
(23, 'H 25', '0000000000000000000000025', 'h25@vionir.com', '08090000000000000025', NULL, NULL, NULL, 3, '2014-10-02 21:34:44', '0000-00-00 00:00:00'),
(24, 'H 24', '0000000000000000000000024', 'h24@vionir.com', '08090000000000000024', NULL, NULL, NULL, 3, '2014-10-02 21:34:44', '0000-00-00 00:00:00'),
(25, 'H 23', '0000000000000000000000023', 'h23@vionir.com', '08090000000000000023', NULL, NULL, NULL, 3, '2014-10-02 21:34:44', '0000-00-00 00:00:00'),
(26, 'H 22', '0000000000000000000000022', 'h22@vionir.com', '08090000000000000022', NULL, NULL, NULL, 3, '2014-10-02 21:34:44', '0000-00-00 00:00:00'),
(27, 'H 21', '0000000000000000000000021', 'h21@vionir.com', '08090000000000000021', NULL, NULL, NULL, 3, '2014-10-02 21:34:44', '0000-00-00 00:00:00'),
(28, 'H 20', '0000000000000000000000020', 'h20@vionir.com', '08090000000000000020', NULL, NULL, NULL, 3, '2014-10-02 21:34:44', '0000-00-00 00:00:00'),
(29, 'H 19', '0000000000000000000000019', 'h19@vionir.com', '08090000000000000019', NULL, NULL, NULL, 3, '2014-10-02 21:34:44', '0000-00-00 00:00:00'),
(30, 'H 18', '0000000000000000000000018', 'h18@vionir.com', '08090000000000000018', NULL, NULL, NULL, 3, '2014-10-02 21:34:44', '0000-00-00 00:00:00'),
(31, 'H 17', '0000000000000000000000017', 'h17@vionir.com', '08090000000000000017', NULL, NULL, NULL, 3, '2014-10-02 21:34:45', '0000-00-00 00:00:00'),
(32, 'H 16', '0000000000000000000000016', 'h16@vionir.com', '08090000000000000016', NULL, NULL, NULL, 3, '2014-10-02 21:34:45', '0000-00-00 00:00:00'),
(33, 'H 63', '0000000000000000000000063', 'h63@vionir.com', '08090000000000000063', NULL, NULL, NULL, 3, '2014-10-02 21:34:45', '0000-00-00 00:00:00'),
(34, 'H 62', '0000000000000000000000062', 'h62@vionir.com', '08090000000000000062', NULL, NULL, NULL, 3, '2014-10-02 21:34:45', '0000-00-00 00:00:00'),
(35, 'H 61', '0000000000000000000000061', 'h61@vionir.com', '08090000000000000061', NULL, NULL, NULL, 3, '2014-10-02 21:34:45', '0000-00-00 00:00:00'),
(36, 'H 60', '0000000000000000000000060', 'h60@vionir.com', '08090000000000000060', NULL, NULL, NULL, 3, '2014-10-02 21:34:45', '0000-00-00 00:00:00'),
(37, 'H 59', '0000000000000000000000059', 'h59@vionir.com', '08090000000000000059', NULL, NULL, NULL, 3, '2014-10-02 21:34:45', '0000-00-00 00:00:00'),
(38, 'H 58', '0000000000000000000000058', 'h58@vionir.com', '08090000000000000058', NULL, NULL, NULL, 3, '2014-10-02 21:34:45', '0000-00-00 00:00:00'),
(39, 'H 57', '0000000000000000000000057', 'h57@vionir.com', '08090000000000000057', NULL, NULL, NULL, 3, '2014-10-02 21:34:45', '0000-00-00 00:00:00'),
(40, 'H 56', '0000000000000000000000056', 'h56@vionir.com', '08090000000000000056', NULL, NULL, NULL, 3, '2014-10-02 21:34:45', '0000-00-00 00:00:00'),
(41, 'H 55', '0000000000000000000000055', 'h55@vionir.com', '08090000000000000055', NULL, NULL, NULL, 3, '2014-10-02 21:34:45', '0000-00-00 00:00:00'),
(42, 'H 54', '0000000000000000000000054', 'h54@vionir.com', '08090000000000000054', NULL, NULL, NULL, 3, '2014-10-02 21:34:46', '0000-00-00 00:00:00'),
(43, 'H 53', '0000000000000000000000053', 'h53@vionir.com', '08090000000000000053', NULL, NULL, NULL, 3, '2014-10-02 21:34:46', '0000-00-00 00:00:00'),
(44, 'H 52', '0000000000000000000000052', 'h52@vionir.com', '08090000000000000052', NULL, NULL, NULL, 3, '2014-10-02 21:34:46', '0000-00-00 00:00:00'),
(45, 'H 51', '0000000000000000000000051', 'h51@vionir.com', '08090000000000000051', NULL, NULL, NULL, 3, '2014-10-02 21:34:46', '0000-00-00 00:00:00'),
(46, 'H 50', '0000000000000000000000050', 'h50@vionir.com', '08090000000000000050', NULL, NULL, NULL, 3, '2014-10-02 21:34:46', '0000-00-00 00:00:00'),
(47, 'H 49', '0000000000000000000000049', 'h49@vionir.com', '08090000000000000049', NULL, NULL, NULL, 3, '2014-10-02 21:34:46', '0000-00-00 00:00:00'),
(48, 'H 48', '0000000000000000000000048', 'h48@vionir.com', '08090000000000000048', NULL, NULL, NULL, 3, '2014-10-02 21:34:46', '0000-00-00 00:00:00'),
(49, 'H 47', '0000000000000000000000047', 'h47@vionir.com', '08090000000000000047', NULL, NULL, NULL, 3, '2014-10-02 21:34:46', '0000-00-00 00:00:00'),
(50, 'H 46', '0000000000000000000000046', 'h46@vionir.com', '08090000000000000046', NULL, NULL, NULL, 3, '2014-10-02 21:34:46', '0000-00-00 00:00:00'),
(51, 'H 45', '0000000000000000000000045', 'h45@vionir.com', '08090000000000000045', NULL, NULL, NULL, 3, '2014-10-02 21:34:46', '0000-00-00 00:00:00'),
(52, 'H 44', '0000000000000000000000044', 'h44@vionir.com', '08090000000000000044', NULL, NULL, NULL, 3, '2014-10-02 21:34:46', '0000-00-00 00:00:00'),
(53, 'H 43', '0000000000000000000000043', 'h43@vionir.com', '08090000000000000043', NULL, NULL, NULL, 3, '2014-10-02 21:34:47', '0000-00-00 00:00:00'),
(54, 'H 42', '0000000000000000000000042', 'h42@vionir.com', '08090000000000000042', NULL, NULL, NULL, 3, '2014-10-02 21:34:47', '0000-00-00 00:00:00'),
(55, 'H 41', '0000000000000000000000041', 'h41@vionir.com', '08090000000000000041', NULL, NULL, NULL, 3, '2014-10-02 21:34:47', '0000-00-00 00:00:00'),
(56, 'H 40', '0000000000000000000000040', 'h40@vionir.com', '08090000000000000040', NULL, NULL, NULL, 3, '2014-10-02 21:34:47', '0000-00-00 00:00:00'),
(57, 'H 39', '0000000000000000000000039', 'h39@vionir.com', '08090000000000000039', NULL, NULL, NULL, 3, '2014-10-02 21:34:47', '0000-00-00 00:00:00'),
(58, 'H 38', '0000000000000000000000038', 'h38@vionir.com', '08090000000000000038', NULL, NULL, NULL, 3, '2014-10-02 21:34:47', '0000-00-00 00:00:00'),
(59, 'H 37', '0000000000000000000000037', 'h37@vionir.com', '08090000000000000037', NULL, NULL, NULL, 3, '2014-10-02 21:34:47', '0000-00-00 00:00:00'),
(60, 'H 36', '0000000000000000000000036', 'h36@vionir.com', '08090000000000000036', NULL, NULL, NULL, 3, '2014-10-02 21:34:47', '0000-00-00 00:00:00'),
(61, 'H 35', '0000000000000000000000035', 'h35@vionir.com', '08090000000000000035', NULL, NULL, NULL, 3, '2014-10-02 21:34:47', '0000-00-00 00:00:00'),
(62, 'H 34', '0000000000000000000000034', 'h34@vionir.com', '08090000000000000034', NULL, NULL, NULL, 3, '2014-10-02 21:34:47', '0000-00-00 00:00:00'),
(63, 'H 33', '0000000000000000000000033', 'h33@vionir.com', '08090000000000000033', NULL, NULL, NULL, 3, '2014-10-02 21:34:48', '0000-00-00 00:00:00'),
(64, 'H 32', '0000000000000000000000032', 'h32@vionir.com', '08090000000000000032', NULL, NULL, NULL, 3, '2014-10-02 21:34:48', '0000-00-00 00:00:00'),
(65, 'H 127', '0000000000000000000000127', 'h127@vionir.com', '08090000000000000127', NULL, NULL, NULL, 3, '2014-10-02 21:34:48', '0000-00-00 00:00:00'),
(66, 'H 126', '0000000000000000000000126', 'h126@vionir.com', '08090000000000000126', NULL, NULL, NULL, 3, '2014-10-02 21:34:48', '0000-00-00 00:00:00'),
(67, 'H 125', '0000000000000000000000125', 'h125@vionir.com', '08090000000000000125', NULL, NULL, NULL, 3, '2014-10-02 21:34:48', '0000-00-00 00:00:00'),
(68, 'H 124', '0000000000000000000000124', 'h124@vionir.com', '08090000000000000124', NULL, NULL, NULL, 3, '2014-10-02 21:34:48', '0000-00-00 00:00:00'),
(69, 'H 123', '0000000000000000000000123', 'h123@vionir.com', '08090000000000000123', NULL, NULL, NULL, 3, '2014-10-02 21:34:48', '0000-00-00 00:00:00'),
(70, 'H 122', '0000000000000000000000122', 'h122@vionir.com', '08090000000000000122', NULL, NULL, NULL, 3, '2014-10-02 21:34:48', '0000-00-00 00:00:00'),
(71, 'H 121', '0000000000000000000000121', 'h121@vionir.com', '08090000000000000121', NULL, NULL, NULL, 3, '2014-10-02 21:34:48', '0000-00-00 00:00:00'),
(72, 'H 120', '0000000000000000000000120', 'h120@vionir.com', '08090000000000000120', NULL, NULL, NULL, 3, '2014-10-02 21:34:48', '0000-00-00 00:00:00'),
(73, 'H 119', '0000000000000000000000119', 'h119@vionir.com', '08090000000000000119', NULL, NULL, NULL, 3, '2014-10-02 21:34:48', '0000-00-00 00:00:00'),
(74, 'H 118', '0000000000000000000000118', 'h118@vionir.com', '08090000000000000118', NULL, NULL, NULL, 3, '2014-10-02 21:34:49', '0000-00-00 00:00:00'),
(75, 'H 117', '0000000000000000000000117', 'h117@vionir.com', '08090000000000000117', NULL, NULL, NULL, 3, '2014-10-02 21:34:49', '0000-00-00 00:00:00'),
(76, 'H 116', '0000000000000000000000116', 'h116@vionir.com', '08090000000000000116', NULL, NULL, NULL, 3, '2014-10-02 21:34:49', '0000-00-00 00:00:00'),
(77, 'H 115', '0000000000000000000000115', 'h115@vionir.com', '08090000000000000115', NULL, NULL, NULL, 3, '2014-10-02 21:34:49', '0000-00-00 00:00:00'),
(78, 'H 114', '0000000000000000000000114', 'h114@vionir.com', '08090000000000000114', NULL, NULL, NULL, 3, '2014-10-02 21:34:49', '0000-00-00 00:00:00'),
(79, 'H 113', '0000000000000000000000113', 'h113@vionir.com', '08090000000000000113', NULL, NULL, NULL, 3, '2014-10-02 21:34:49', '0000-00-00 00:00:00'),
(80, 'H 112', '0000000000000000000000112', 'h112@vionir.com', '08090000000000000112', NULL, NULL, NULL, 3, '2014-10-02 21:34:49', '0000-00-00 00:00:00'),
(81, 'H 111', '0000000000000000000000111', 'h111@vionir.com', '08090000000000000111', NULL, NULL, NULL, 3, '2014-10-02 21:34:49', '0000-00-00 00:00:00'),
(82, 'H 110', '0000000000000000000000110', 'h110@vionir.com', '08090000000000000110', NULL, NULL, NULL, 3, '2014-10-02 21:34:49', '0000-00-00 00:00:00'),
(83, 'H 109', '0000000000000000000000109', 'h109@vionir.com', '08090000000000000109', NULL, NULL, NULL, 3, '2014-10-02 21:34:49', '0000-00-00 00:00:00'),
(84, 'H 108', '0000000000000000000000108', 'h108@vionir.com', '08090000000000000108', NULL, NULL, NULL, 3, '2014-10-02 21:34:50', '0000-00-00 00:00:00'),
(85, 'H 107', '0000000000000000000000107', 'h107@vionir.com', '08090000000000000107', NULL, NULL, NULL, 3, '2014-10-02 21:34:50', '0000-00-00 00:00:00'),
(86, 'H 106', '0000000000000000000000106', 'h106@vionir.com', '08090000000000000106', NULL, NULL, NULL, 3, '2014-10-02 21:34:50', '0000-00-00 00:00:00'),
(87, 'H 105', '0000000000000000000000105', 'h105@vionir.com', '08090000000000000105', NULL, NULL, NULL, 3, '2014-10-02 21:34:50', '0000-00-00 00:00:00'),
(88, 'H 104', '0000000000000000000000104', 'h104@vionir.com', '08090000000000000104', NULL, NULL, NULL, 3, '2014-10-02 21:34:50', '0000-00-00 00:00:00'),
(89, 'H 103', '0000000000000000000000103', 'h103@vionir.com', '08090000000000000103', NULL, NULL, NULL, 3, '2014-10-02 21:34:50', '0000-00-00 00:00:00'),
(90, 'H 102', '0000000000000000000000102', 'h102@vionir.com', '08090000000000000102', NULL, NULL, NULL, 3, '2014-10-02 21:34:50', '0000-00-00 00:00:00'),
(91, 'H 101', '0000000000000000000000101', 'h101@vionir.com', '08090000000000000101', NULL, NULL, NULL, 3, '2014-10-02 21:34:50', '0000-00-00 00:00:00'),
(92, 'H 100', '0000000000000000000000100', 'h100@vionir.com', '08090000000000000100', NULL, NULL, NULL, 3, '2014-10-02 21:34:50', '0000-00-00 00:00:00'),
(93, 'H 99', '0000000000000000000000099', 'h99@vionir.com', '08090000000000000099', NULL, NULL, NULL, 3, '2014-10-02 21:34:50', '0000-00-00 00:00:00'),
(94, 'H 98', '0000000000000000000000098', 'h98@vionir.com', '08090000000000000098', NULL, NULL, NULL, 3, '2014-10-02 21:34:51', '0000-00-00 00:00:00'),
(95, 'H 97', '0000000000000000000000097', 'h97@vionir.com', '08090000000000000097', NULL, NULL, NULL, 3, '2014-10-02 21:34:51', '0000-00-00 00:00:00'),
(96, 'H 96', '0000000000000000000000096', 'h96@vionir.com', '08090000000000000096', NULL, NULL, NULL, 3, '2014-10-02 21:34:51', '0000-00-00 00:00:00'),
(97, 'H 95', '0000000000000000000000095', 'h95@vionir.com', '08090000000000000095', NULL, NULL, NULL, 3, '2014-10-02 21:34:51', '0000-00-00 00:00:00'),
(98, 'H 94', '0000000000000000000000094', 'h94@vionir.com', '08090000000000000094', NULL, NULL, NULL, 3, '2014-10-02 21:34:51', '0000-00-00 00:00:00'),
(99, 'H 93', '0000000000000000000000093', 'h93@vionir.com', '08090000000000000093', NULL, NULL, NULL, 3, '2014-10-02 21:34:51', '0000-00-00 00:00:00'),
(100, 'H 92', '0000000000000000000000092', 'h92@vionir.com', '08090000000000000092', NULL, NULL, NULL, 3, '2014-10-02 21:34:51', '0000-00-00 00:00:00'),
(101, 'H 91', '0000000000000000000000091', 'h91@vionir.com', '08090000000000000091', NULL, NULL, NULL, 3, '2014-10-02 21:34:51', '0000-00-00 00:00:00'),
(102, 'H 90', '0000000000000000000000090', 'h90@vionir.com', '08090000000000000090', NULL, NULL, NULL, 3, '2014-10-02 21:34:51', '0000-00-00 00:00:00'),
(103, 'H 89', '0000000000000000000000089', 'h89@vionir.com', '08090000000000000089', NULL, NULL, NULL, 3, '2014-10-02 21:34:51', '0000-00-00 00:00:00'),
(104, 'H 88', '0000000000000000000000088', 'h88@vionir.com', '08090000000000000088', NULL, NULL, NULL, 3, '2014-10-02 21:34:52', '0000-00-00 00:00:00'),
(105, 'H 87', '0000000000000000000000087', 'h87@vionir.com', '08090000000000000087', NULL, NULL, NULL, 3, '2014-10-02 21:34:52', '0000-00-00 00:00:00'),
(106, 'H 86', '0000000000000000000000086', 'h86@vionir.com', '08090000000000000086', NULL, NULL, NULL, 3, '2014-10-02 21:34:52', '0000-00-00 00:00:00'),
(107, 'H 85', '0000000000000000000000085', 'h85@vionir.com', '08090000000000000085', NULL, NULL, NULL, 3, '2014-10-02 21:34:52', '0000-00-00 00:00:00'),
(108, 'H 84', '0000000000000000000000084', 'h84@vionir.com', '08090000000000000084', NULL, NULL, NULL, 3, '2014-10-02 21:34:52', '0000-00-00 00:00:00'),
(109, 'H 83', '0000000000000000000000083', 'h83@vionir.com', '08090000000000000083', NULL, NULL, NULL, 3, '2014-10-02 21:34:52', '0000-00-00 00:00:00'),
(110, 'H 82', '0000000000000000000000082', 'h82@vionir.com', '08090000000000000082', NULL, NULL, NULL, 3, '2014-10-02 21:34:52', '0000-00-00 00:00:00'),
(111, 'H 81', '0000000000000000000000081', 'h81@vionir.com', '08090000000000000081', NULL, NULL, NULL, 3, '2014-10-02 21:34:52', '0000-00-00 00:00:00'),
(112, 'H 80', '0000000000000000000000080', 'h80@vionir.com', '08090000000000000080', NULL, NULL, NULL, 3, '2014-10-02 21:34:52', '0000-00-00 00:00:00'),
(113, 'H 79', '0000000000000000000000079', 'h79@vionir.com', '08090000000000000079', NULL, NULL, NULL, 3, '2014-10-02 21:34:53', '0000-00-00 00:00:00'),
(114, 'H 78', '0000000000000000000000078', 'h78@vionir.com', '08090000000000000078', NULL, NULL, NULL, 3, '2014-10-02 21:34:53', '0000-00-00 00:00:00'),
(115, 'H 77', '0000000000000000000000077', 'h77@vionir.com', '08090000000000000077', NULL, NULL, NULL, 3, '2014-10-02 21:34:53', '0000-00-00 00:00:00'),
(116, 'H 76', '0000000000000000000000076', 'h76@vionir.com', '08090000000000000076', NULL, NULL, NULL, 3, '2014-10-02 21:34:53', '0000-00-00 00:00:00'),
(117, 'H 75', '0000000000000000000000075', 'h75@vionir.com', '08090000000000000075', NULL, NULL, NULL, 3, '2014-10-02 21:34:53', '0000-00-00 00:00:00'),
(118, 'H 74', '0000000000000000000000074', 'h74@vionir.com', '08090000000000000074', NULL, NULL, NULL, 3, '2014-10-02 21:34:53', '0000-00-00 00:00:00'),
(119, 'H 73', '0000000000000000000000073', 'h73@vionir.com', '08090000000000000073', NULL, NULL, NULL, 3, '2014-10-02 21:34:53', '0000-00-00 00:00:00'),
(120, 'H 72', '0000000000000000000000072', 'h72@vionir.com', '08090000000000000072', NULL, NULL, NULL, 3, '2014-10-02 21:34:53', '0000-00-00 00:00:00'),
(121, 'H 71', '0000000000000000000000071', 'h71@vionir.com', '08090000000000000071', NULL, NULL, NULL, 3, '2014-10-02 21:34:53', '0000-00-00 00:00:00'),
(122, 'H 70', '0000000000000000000000070', 'h70@vionir.com', '08090000000000000070', NULL, NULL, NULL, 3, '2014-10-02 21:34:54', '0000-00-00 00:00:00'),
(123, 'H 69', '0000000000000000000000069', 'h69@vionir.com', '08090000000000000069', NULL, NULL, NULL, 3, '2014-10-02 21:34:54', '0000-00-00 00:00:00'),
(124, 'H 68', '0000000000000000000000068', 'h68@vionir.com', '08090000000000000068', NULL, NULL, NULL, 3, '2014-10-02 21:34:54', '0000-00-00 00:00:00'),
(125, 'H 67', '0000000000000000000000067', 'h67@vionir.com', '08090000000000000067', NULL, NULL, NULL, 3, '2014-10-02 21:34:54', '0000-00-00 00:00:00'),
(126, 'H 66', '0000000000000000000000066', 'h66@vionir.com', '08090000000000000066', NULL, NULL, NULL, 3, '2014-10-02 21:34:54', '0000-00-00 00:00:00'),
(127, 'H 65', '0000000000000000000000065', 'h65@vionir.com', '08090000000000000065', NULL, NULL, NULL, 3, '2014-10-02 21:34:54', '0000-00-00 00:00:00'),
(128, 'H 64', '0000000000000000000000064', 'h64@vionir.com', '08090000000000000064', NULL, NULL, NULL, 3, '2014-10-02 21:34:54', '0000-00-00 00:00:00'),
(129, 'Administrator', '0000000000032000000000000', 'vio.admin.nir@vionir.com', '080706050403', NULL, NULL, '-', 2, '2014-10-03 04:28:19', '2014-10-03 18:27:55'),
(131, 'Markus Hartono', '99000000000000000001', 'ymarkushartono99@gmail.com', '082140927166', 'Alamat', 'Kota', '', 3, '2014-10-07 13:17:45', '2014-10-07 13:17:45'),
(132, 'Andya Berna', '99000000000000000002', 'andya.vionir@gmail.com', '082121111280', 'Alamat', 'Kota', '', 3, '2014-10-07 13:43:41', '2014-10-07 13:43:41'),
(133, 'Budi Hartono', '99000000000000000003', 'budivirtue@gmail.com', '0811823868', 'Alamat', 'Kota', '', 3, '2014-10-07 13:55:15', '2014-10-07 13:55:15'),
(134, 'Juzak', '99000000000000000004', 'juzak.rb@gmail.com', '08123524299', 'Alamat', 'Kota', '', 3, '2014-10-07 14:03:00', '2014-10-07 14:03:00'),
(135, 'Robertus Juliyanto', '99000000000000000005', 'rj6768@gmail.com', '0811187727', 'Alamat', 'Kota', '', 3, '2014-10-07 14:05:17', '2014-10-07 14:05:17'),
(136, 'Setiadi', '99000000000000000006', 'sapudi7@gmail.com', '085216967568', 'Alamat', 'Kota', '', 3, '2014-10-07 14:14:33', '2014-10-07 14:14:33'),
(137, 'Muchtar Riadi', '99000000000000000007', 'proflatif261@gmail.com', '08117453212', 'Alamat', 'Kota', '', 3, '2014-10-07 14:17:43', '2014-10-07 14:17:43'),
(138, 'Slamet Riyadi', '99000000000000000008', 'waterking2010@gmail.com', '081334839498', 'Alamat', 'Kota', '', 3, '2014-10-07 14:20:22', '2014-10-07 14:20:22'),
(139, 'Amriyanto', '99000000000000000009', 'am_jambi@yahoo.com.my', '082382180882', 'Alamat', 'Kota', '', 3, '2014-10-07 14:22:48', '2014-10-07 14:22:48'),
(140, 'Budiman', '99000000000000000010', 'bvionir@gmail.com', '081226798514', 'Alamat', 'Kota', '', 3, '2014-10-07 14:24:44', '2014-10-07 14:24:44'),
(141, 'Hadi Santoso', '99000000000000000011', 'hadisan70@gmail.com', '081334989700', 'Alamat', 'Kota', '', 3, '2014-10-07 14:26:56', '2014-10-07 14:26:56'),
(142, 'Syaikhu Akramuddin', '99000000000000000012', 'syaikhulocwis@gmail.com', '081812345678', 'Alamat', 'Kota', '', 3, '2014-10-07 14:28:13', '2014-10-07 14:28:13'),
(143, 'PRL13', '99000000000000000013', 'prl13@vionir.com', '0812999913', 'Alamat', 'Kota', '', 3, '2014-10-07 14:53:40', '2014-10-07 14:53:40'),
(144, 'PRL14', '99000000000000000014', 'prl14@vionir.com', '0812999914', 'Alamat', 'Kota', '', 3, '2014-10-07 14:55:18', '2014-10-07 14:55:18'),
(145, 'PRL15', '99000000000000000015', 'prl15@vionir.com', '0812999915', 'Alamat', 'Kota', '', 3, '2014-10-07 14:59:10', '2014-10-07 14:59:10'),
(146, 'PRL16', '99000000000000000016', 'prl16@vionir.com', '0812999916', 'Alamat', 'Kota', '', 3, '2014-10-07 15:00:24', '2014-10-07 15:00:24'),
(147, 'PRL17', '99000000000000000017', 'prl17@vionir.com', '0812999917', 'Alamat', 'Kota', '', 3, '2014-10-07 15:02:03', '2014-10-07 15:02:03'),
(148, 'PRL18', '99000000000000000018', 'prl18@vionir.com', '0812999918', 'Alamat', 'Kota', '', 3, '2014-10-07 15:03:34', '2014-10-07 15:03:34'),
(149, 'PRL19', '99000000000000000019', 'prl19@vionir.com', '0812999919', 'Alamat', 'Kota', '', 3, '2014-10-07 15:04:33', '2014-10-07 15:04:33'),
(150, 'PRL20', '99000000000000000020', 'prl20@vionir.com', '0812999920', 'Alamat', 'Kota', '', 3, '2014-10-07 15:05:39', '2014-10-07 15:05:39'),
(151, 'PRL21', '99000000000000000021', 'prl21@vionir.com', '0812999921', 'Alamat', 'Kota', '', 3, '2014-10-07 15:06:36', '2014-10-07 15:06:36'),
(152, 'PRL22', '99000000000000000022', 'prl22@vionir.com', '0812999922', 'Alamat', 'Kota', '', 3, '2014-10-07 15:08:37', '2014-10-07 15:08:37'),
(153, 'PRL23', '99000000000000000023', 'prl23@vionir.com', '0812999923', 'Alamat', 'Kota', '', 3, '2014-10-07 15:09:54', '2014-10-07 15:09:54'),
(154, 'PRL24', '99000000000000000024', 'prl24@vionir.com', '0812999924', 'Alamat', 'Kota', '', 3, '2014-10-07 15:10:54', '2014-10-07 15:10:54'),
(155, 'PRL25', '99000000000000000025', 'prl25@vionir.com', '0812999925', 'Alamat', 'Kota', '', 3, '2014-10-07 15:26:05', '2014-10-07 15:26:05'),
(156, 'PRL26', '99000000000000000026', 'prl26@vionir.com', '0812999926', 'Alamat', 'Kota', '', 3, '2014-10-07 15:26:56', '2014-10-07 15:26:56'),
(157, 'PRL27', '99000000000000000027', 'prl27@vionir.com', '0812999927', 'Alamat', 'Kota', '', 3, '2014-10-07 15:27:54', '2014-10-07 15:27:54'),
(158, 'PRL28', '99000000000000000028', 'prl28@vionir.com', '0812999928', 'Alamat', 'Kota', '', 3, '2014-10-07 15:28:57', '2014-10-07 15:28:57'),
(159, 'PRL29', '99000000000000000029', 'prl29@vionir.com', '0812999929', 'Alamat', 'Kota', '', 3, '2014-10-07 15:29:58', '2014-10-07 15:29:58'),
(160, 'PRL30', '99000000000000000030', 'prl30@vionir.com', '0812999930', 'Alamat', 'Kota', '', 3, '2014-10-07 15:31:19', '2014-10-07 15:31:19'),
(161, 'PRL31', '99000000000000000031', 'prl31@vionir.com', '0812999931', 'Alamat', 'Kota', '', 3, '2014-10-07 15:34:17', '2014-10-07 15:34:17'),
(162, 'PRL32', '99000000000000000032', 'prl32@vionir.com', '0812999932', 'Alamat', 'Kota', '', 3, '2014-10-07 15:35:41', '2014-10-07 15:35:41'),
(163, 'PRL33', '99000000000000000033', 'prl33@vionir.com', '0812999933', 'Alamat', 'Kota', '', 3, '2014-10-07 15:36:49', '2014-10-07 15:36:49'),
(164, 'PRL34', '99000000000000000034', 'prl34@vionir.com', '0812999934', 'Alamat', 'Kota', '', 3, '2014-10-07 15:37:38', '2014-10-07 15:37:38'),
(165, 'PRL35', '99000000000000000035', 'prl35@vionir.com', '0812999935', 'Alamat', 'Kota', '', 3, '2014-10-07 15:38:45', '2014-10-07 15:38:45'),
(166, 'PRL36', '99000000000000000036', 'prl36@vionir.com', '0812999936', 'Alamat', 'Kota', '', 3, '2014-10-07 15:39:35', '2014-10-07 15:39:35'),
(167, 'PRL37', '99000000000000000037', 'prl37@vionir.com', '0812999937', 'Alamat', 'Kota', '', 3, '2014-10-07 15:40:45', '2014-10-07 15:40:45'),
(168, 'PRL38', '99000000000000000038', 'prl38@vionir.com', '0812999938', 'Alamat', 'Kota', '', 3, '2014-10-07 15:41:54', '2014-10-07 15:41:54'),
(169, 'PRL39', '99000000000000000039', 'prl39@vionir.com', '0812999939', 'Alamat', 'Kota', '', 3, '2014-10-07 15:42:50', '2014-10-07 15:42:50'),
(170, 'PRL40', '99000000000000000040', 'prl40@vionir.com', '0812999940', 'Alamat', 'Gomblong', '', 3, '2014-10-07 15:43:49', '2014-10-07 15:43:49'),
(171, 'PRL41', '99000000000000000041', 'prl41@vionir.com', '0812999941', 'Alamat', 'Kota', '', 3, '2014-10-07 15:44:43', '2014-10-07 15:44:43'),
(172, 'PRL42', '99000000000000000042', 'prl42@vionir.com', '0812999942', 'Alamat', 'Kota', '', 3, '2014-10-07 15:45:33', '2014-10-07 15:45:33'),
(173, 'PRL43', '99000000000000000043', 'prl43@vionir.com', '0812999943', 'Alamat', 'Kota', '', 3, '2014-10-07 15:47:08', '2014-10-07 15:47:08'),
(174, 'PRL44', '99000000000000000044', 'prl44@vionir.com', '0812999944', 'Alamat', 'Kota', '', 3, '2014-10-07 15:48:07', '2014-10-07 15:48:07'),
(175, 'PRL45', '99000000000000000045', 'prl45@vionir.com', '0812999945', 'Alamat', 'Kota', '', 3, '2014-10-07 15:49:10', '2014-10-07 15:49:10'),
(176, 'PRL46', '99000000000000000046', 'prl46@vionir.com', '0812999946', 'Alamat', 'Kota', '', 3, '2014-10-07 15:50:00', '2014-10-07 15:50:00'),
(177, 'PRL47', '99000000000000000047', 'prl47@vionir.com', '0812999947', 'Alamat', 'Kota', '', 3, '2014-10-07 15:50:54', '2014-10-07 15:50:54'),
(178, 'PRL48', '99000000000000000048', 'prl48@vionir.com', '0812999948', 'Alamat', 'Kota', '', 3, '2014-10-07 15:51:57', '2014-10-07 15:51:57'),
(179, 'PRL49', '99000000000000000049', 'prl49@vionir.com', '0812999949', 'Alamat', 'Kota', '', 3, '2014-10-07 15:52:55', '2014-10-07 15:52:55'),
(180, 'PRL50', '99000000000000000050', 'prl50@vionir.com', '0812999950', 'Alamat', 'Kota', '', 3, '2014-10-07 15:53:48', '2014-10-07 15:53:48'),
(182, 'PRL51', '99000000000000000051', 'prl51@vionir.com', '0812999951', 'Alamat', 'Kota', '', 3, '2014-10-07 15:58:13', '2014-10-07 15:58:13'),
(183, 'PRL52', '99000000000000000052', 'prl52@vionir.com', '0812999952', 'Alamat', 'Kota', '', 3, '2014-10-07 15:59:03', '2014-10-07 15:59:03'),
(184, 'PRL53', '99000000000000000053', 'prl53@vionir.com', '0812999953', 'Alamat', 'Kota', '', 3, '2014-10-07 15:59:56', '2014-10-07 15:59:56'),
(185, 'PRL54', '99000000000000000054', 'prl54@vionir.com', '0812999954', 'Alamat', 'Kota', '', 3, '2014-10-07 16:00:47', '2014-10-07 16:00:47'),
(186, 'PRL55', '99000000000000000055', 'prl55@vionir.com', '0812999955', 'Alamat', 'Kota', '', 3, '2014-10-07 16:01:34', '2014-10-07 16:01:34'),
(187, 'PRL56', '99000000000000000056', 'prl56@vionir.com', '0812999956', 'Alamat', 'Kota', '', 3, '2014-10-07 16:02:25', '2014-10-07 16:02:25'),
(188, 'PRL57', '99000000000000000057', 'prl57@vionir.com', '0812999957', 'Alamat', 'Kota', '', 3, '2014-10-07 16:03:11', '2014-10-07 16:03:11'),
(189, 'PRL58', '99000000000000000058', 'prl58@vionir.com', '0812999958', 'Alamat', 'Kota', '', 3, '2014-10-07 16:04:10', '2014-10-07 16:04:10'),
(190, 'PRL59', '99000000000000000059', 'prl59@vionir.com', '0812999959', 'Alamat', 'Kota', '', 3, '2014-10-07 16:05:09', '2014-10-07 16:05:09'),
(191, 'PRL60', '99000000000000000060', 'prl60@vionir.com', '0812999960', 'Alamat', 'Kota', '', 3, '2014-10-07 16:05:58', '2014-10-07 16:05:58'),
(192, 'PRL61', '99000000000000000061', 'prl61@vionir.com', '0812999961', 'Alamat', 'Kota', '', 3, '2014-10-07 16:06:52', '2014-10-07 16:06:52'),
(193, 'PRL62', '99000000000000000062', 'prl62@vionir.com', '0812999962', 'Alamat', 'Kota', '', 3, '2014-10-07 16:07:43', '2014-10-07 16:07:43'),
(194, 'PRL63', '99000000000000000063', 'prl63@vionir.com', '0812999963', 'Alamat', 'Kota', '', 3, '2014-10-07 16:08:25', '2014-10-07 16:08:25'),
(195, 'PRL64', '99000000000000000064', 'prl64@vionir.com', '0812999964', 'Alamat', 'Kota', '', 3, '2014-10-07 16:09:32', '2014-10-07 16:09:32');

-- --------------------------------------------------------

--
-- Table structure for table `bank`
--

CREATE TABLE IF NOT EXISTS `bank` (
`id` int(10) NOT NULL,
  `nama_bank` varchar(50) COLLATE utf8_unicode_ci NOT NULL,
  `created_at` timestamp NOT NULL DEFAULT '0000-00-00 00:00:00',
  `updated_at` timestamp NOT NULL DEFAULT '0000-00-00 00:00:00'
) ENGINE=InnoDB  DEFAULT CHARSET=utf8 COLLATE=utf8_unicode_ci AUTO_INCREMENT=127 ;

--
-- Dumping data for table `bank`
--

INSERT INTO `bank` (`id`, `nama_bank`, `created_at`, `updated_at`) VALUES
(1, 'Bank Mandiri', '2014-09-26 20:20:07', '2014-09-26 20:20:07'),
(2, 'Mutiara Bank', '2014-09-26 20:20:07', '2014-09-26 20:20:07'),
(3, 'Bank Negara Indonesia', '2014-09-26 20:20:07', '2014-09-26 20:20:07'),
(4, 'Bank Rakyat Indonesia', '2014-09-26 20:20:07', '2014-09-26 20:20:07'),
(5, 'Bank Tabungan Negara', '2014-09-26 20:20:07', '2014-09-26 20:20:07'),
(6, 'Bank BRI Agro ', '2014-09-26 20:20:07', '2014-09-26 20:20:07'),
(7, ' Bank Anda (Surabaya)', '2014-09-26 20:20:07', '2014-09-26 20:20:07'),
(8, ' Bank Artha Graha Internasional', '2014-09-26 20:20:07', '2014-09-26 20:20:07'),
(9, 'Bank Bukopin', '2014-09-26 20:20:07', '2014-09-26 20:20:07'),
(10, 'Bank Bumi Arta', '2014-09-26 20:20:07', '2014-09-26 20:20:07'),
(11, 'Bank Capital Indonesia', '2014-09-26 20:20:07', '2014-09-26 20:20:07'),
(12, 'Bank Central Asia', '2014-09-26 20:20:07', '2014-09-26 20:20:07'),
(13, 'Bank CIMB Niaga', '2014-09-26 20:20:07', '2014-09-26 20:20:07'),
(14, 'Bank Danamon Indonesia', '2014-09-26 20:20:07', '2014-09-26 20:20:07'),
(15, 'Bank Ekonomi Raharja', '2014-09-26 20:20:07', '2014-09-26 20:20:07'),
(16, 'Bank Ganesha', '2014-09-26 20:20:07', '2014-09-26 20:20:07'),
(17, 'Bank Hana', '2014-09-26 20:20:07', '2014-09-26 20:20:07'),
(18, 'Bank Himpunan Saudara 1906 (Bandung)', '2014-09-26 20:20:07', '2014-09-26 20:20:07'),
(19, 'Bank ICB Bumiputera', '2014-09-26 20:20:07', '2014-09-26 20:20:07'),
(20, 'Bank ICBC Indonesia', '2014-09-26 20:20:07', '2014-09-26 20:20:07'),
(21, 'Bank Index Selindo', '2014-09-26 20:20:07', '2014-09-26 20:20:07'),
(22, 'Bank Internasional Indonesia', '2014-09-26 20:20:07', '2014-09-26 20:20:07'),
(23, 'Bank Maspion (Surabaya)', '2014-09-26 20:20:07', '2014-09-26 20:20:07'),
(24, 'Bank Mayapada', '2014-09-26 20:20:07', '2014-09-26 20:20:07'),
(25, 'Bank Mega', '2014-09-26 20:20:07', '2014-09-26 20:20:07'),
(26, 'Bank Mestika Dharma (Medan)', '2014-09-26 20:20:07', '2014-09-26 20:20:07'),
(27, 'Bank Metro Express', '2014-09-26 20:20:07', '2014-09-26 20:20:07'),
(28, 'Bank Nusantara Parahyangan (Bandung)', '2014-09-26 20:20:07', '2014-09-26 20:20:07'),
(29, 'Bank OCBC NISP', '2014-09-26 20:20:07', '2014-09-26 20:20:07'),
(30, 'Bank of India Indonesia', '2014-09-26 20:20:07', '2014-09-26 20:20:07'),
(31, 'Bank Panin', '2014-09-26 20:20:07', '2014-09-26 20:20:07'),
(32, 'Bank Permata', '2014-09-26 20:20:07', '2014-09-26 20:20:07'),
(33, 'Bank QNB Kesawan', '2014-09-26 20:20:07', '2014-09-26 20:20:07'),
(34, 'Bank SBI Indonesia', '2014-09-26 20:20:07', '2014-09-26 20:20:07'),
(35, 'Bank Sinarmas', '2014-09-26 20:20:07', '2014-09-26 20:20:07'),
(36, 'Bank UOB Indonesia', '2014-09-26 20:20:07', '2014-09-26 20:20:07'),
(37, 'Anglomas Internasional Bank (Surabaya)', '2014-09-26 20:20:07', '2014-09-26 20:20:07'),
(38, 'Bank Andara', '2014-09-26 20:20:07', '2014-09-26 20:20:07'),
(39, 'Bank Artos Indonesia (Bandung)', '2014-09-26 20:20:07', '2014-09-26 20:20:07'),
(40, 'Bank Bisnis Internasional (Bandung)', '2014-09-26 20:20:07', '2014-09-26 20:20:07'),
(41, 'Bank Tabungan Pensiunan Nasional (Bandung)', '2014-09-26 20:20:07', '2014-09-26 20:20:07'),
(42, 'Centratama Nasional Bank (Surabaya)', '2014-09-26 20:20:07', '2014-09-26 20:20:07'),
(43, 'Bank Dipo International', '2014-09-26 20:20:07', '2014-09-26 20:20:07'),
(44, 'Bank Fama Internasional (Bandung)', '2014-09-26 20:20:07', '2014-09-26 20:20:07'),
(45, 'Bank Harda Internasional', '2014-09-26 20:20:07', '2014-09-26 20:20:07'),
(46, 'Bank Ina Perdana', '2014-09-26 20:20:07', '2014-09-26 20:20:07'),
(47, 'Bank Jasa Jakarta', '2014-09-26 20:20:07', '2014-09-26 20:20:07'),
(48, 'Bank Kesejahteraan Ekonomi', '2014-09-26 20:20:07', '2014-09-26 20:20:07'),
(49, 'Bank Liman International', '2014-09-26 20:20:07', '2014-09-26 20:20:07'),
(50, 'Bank Mayora', '2014-09-26 20:20:07', '2014-09-26 20:20:07'),
(51, 'Bank Mitraniaga', '2014-09-26 20:20:07', '2014-09-26 20:20:07'),
(52, 'Bank Multi Arta Sentosa', '2014-09-26 20:20:07', '2014-09-26 20:20:07'),
(53, 'Bank Nationalnobu', '2014-09-26 20:20:07', '2014-09-26 20:20:07'),
(54, 'Prima Master Bank', '2014-09-26 20:20:07', '2014-09-26 20:20:07'),
(55, 'Bank Pundi Indonesia', '2014-09-26 20:20:07', '2014-09-26 20:20:07'),
(56, 'Bank Royal Indonesia', '2014-09-26 20:20:07', '2014-09-26 20:20:07'),
(57, 'Bank Sahabat Purba Danarta', '2014-09-26 20:20:07', '2014-09-26 20:20:07'),
(58, ' Bank Sinar Harapan Bali ', '2014-09-26 20:20:07', '2014-09-26 20:20:07'),
(59, 'Bank Victoria Internasional', '2014-09-26 20:20:07', '2014-09-26 20:20:07'),
(60, 'Bank Yudha Bhakti', '2014-09-26 20:20:07', '2014-09-26 20:20:07'),
(61, 'Bank Jambi (Jambi)', '2014-09-26 20:20:07', '2014-09-26 20:20:07'),
(62, 'Bank Kalsel (Banjarmasin)', '2014-09-26 20:20:07', '2014-09-26 20:20:07'),
(63, 'Bank Kaltim (Samarinda)', '2014-09-26 20:20:07', '2014-09-26 20:20:07'),
(64, 'Bank Sultra (Kendari)', '2014-09-26 20:20:07', '2014-09-26 20:20:07'),
(65, 'Bank BPD DIY (Yogyakarta)', '2014-09-26 20:20:07', '2014-09-26 20:20:07'),
(66, 'Bank Nagari (Padang)', '2014-09-26 20:20:07', '2014-09-26 20:20:07'),
(67, 'Bank DKI (Jakarta)', '2014-09-26 20:20:07', '2014-09-26 20:20:07'),
(68, 'Bank Lampung (Bandar Lampung)', '2014-09-26 20:20:07', '2014-09-26 20:20:07'),
(69, 'Bank Kalteng (Palangka Raya)', '2014-09-26 20:20:07', '2014-09-26 20:20:07'),
(70, 'Bank BPD Aceh (Banda Aceh)', '2014-09-26 20:20:07', '2014-09-26 20:20:07'),
(71, 'Bank Sulsel (Makassar)', '2014-09-26 20:20:07', '2014-09-26 20:20:07'),
(72, 'Bank BJB (Bandung)', '2014-09-26 20:20:07', '2014-09-26 20:20:07'),
(73, 'Bank Kalbar (Pontianak)', '2014-09-26 20:20:07', '2014-09-26 20:20:07'),
(74, 'Bank Maluku (Ambon)', '2014-09-26 20:20:07', '2014-09-26 20:20:07'),
(75, 'Bank Bengkulu (Kota Bengkulu)', '2014-09-26 20:20:07', '2014-09-26 20:20:07'),
(76, 'Bank Jateng (Semarang)', '2014-09-26 20:20:07', '2014-09-26 20:20:07'),
(77, 'Bank Jatim (Surabaya)', '2014-09-26 20:20:07', '2014-09-26 20:20:07'),
(78, 'Bank NTB (Mataram)', '2014-09-26 20:20:07', '2014-09-26 20:20:07'),
(79, 'Bank NTT (Kupang)', '2014-09-26 20:20:07', '2014-09-26 20:20:07'),
(80, 'Bank Sulteng (Palu)', '2014-09-26 20:20:07', '2014-09-26 20:20:07'),
(81, 'Bank Sulut (Manado)', '2014-09-26 20:20:07', '2014-09-26 20:20:07'),
(82, 'Bank BPD Bali (Denpasar)', '2014-09-26 20:20:07', '2014-09-26 20:20:07'),
(83, 'Bank Papua (Jayapura)', '2014-09-26 20:20:07', '2014-09-26 20:20:07'),
(84, 'Bank Riau Kepri (Pekanbaru)', '2014-09-26 20:20:07', '2014-09-26 20:20:07'),
(85, 'Bank Sumsel Babel (Palembang)', '2014-09-26 20:20:07', '2014-09-26 20:20:07'),
(86, 'Bank Sumut (Medan)', '2014-09-26 20:20:07', '2014-09-26 20:20:07'),
(87, 'Bank ANZ Indonesia', '2014-09-26 20:20:07', '2014-09-26 20:20:07'),
(88, 'Bank Commonwealth', '2014-09-26 20:20:07', '2014-09-26 20:20:07'),
(89, 'Bank Agris', '2014-09-26 20:20:07', '2014-09-26 20:20:07'),
(90, 'Bank BNP Paribas Indonesia', '2014-09-26 20:20:07', '2014-09-26 20:20:07'),
(91, 'Bank Chinatrust Indonesia', '2014-09-26 20:20:07', '2014-09-26 20:20:07'),
(92, 'Bank DBS Indonesia', '2014-09-26 20:20:07', '2014-09-26 20:20:07'),
(93, 'Bank KEB Indonesia', '2014-09-26 20:20:07', '2014-09-26 20:20:07'),
(94, 'Bank Mizuho Indonesia', '2014-09-26 20:20:07', '2014-09-26 20:20:07'),
(95, 'Bank Rabobank International Indonesia', '2014-09-26 20:20:07', '2014-09-26 20:20:07'),
(96, 'Bank Resona Perdania', '2014-09-26 20:20:07', '2014-09-26 20:20:07'),
(97, 'Bank Sumitomo Mitsui Indonesia', '2014-09-26 20:20:07', '2014-09-26 20:20:07'),
(98, 'Bank Windu Kentjana International', '2014-09-26 20:20:07', '2014-09-26 20:20:07'),
(99, 'Bank Woori Indonesia', '2014-09-26 20:20:07', '2014-09-26 20:20:07'),
(100, 'Bank of America', '2014-09-26 20:20:07', '2014-09-26 20:20:07'),
(101, 'Bangkok Bank', '2014-09-26 20:20:07', '2014-09-26 20:20:07'),
(102, 'Bank of China', '2014-09-26 20:20:07', '2014-09-26 20:20:07'),
(103, 'Citibank', '2014-09-26 20:20:07', '2014-09-26 20:20:07'),
(104, 'Deutsche Bank', '2014-09-26 20:20:07', '2014-09-26 20:20:07'),
(105, 'HSBC', '2014-09-26 20:20:07', '2014-09-26 20:20:07'),
(106, 'JPMorgan Chase', '2014-09-26 20:20:07', '2014-09-26 20:20:07'),
(107, 'Royal Bank of Scotland', '2014-09-26 20:20:07', '2014-09-26 20:20:07'),
(108, 'Standard Chartered', '2014-09-26 20:20:07', '2014-09-26 20:20:07'),
(109, 'The Bank of Tokyo-Mitsubishi UFJ', '2014-09-26 20:20:07', '2014-09-26 20:20:07'),
(110, 'Bank BNI Syariah', '2014-09-26 20:20:07', '2014-09-26 20:20:07'),
(111, 'Bank Mega Syariah', '2014-09-26 20:20:07', '2014-09-26 20:20:07'),
(112, 'Bank Muamalat Indonesia', '2014-09-26 20:20:07', '2014-09-26 20:20:07'),
(113, 'Bank Syariah Mandiri', '2014-09-26 20:20:07', '2014-09-26 20:20:07'),
(114, 'BCA Syariah', '2014-09-26 20:20:07', '2014-09-26 20:20:07'),
(115, 'Bank BJB Syariah', '2014-09-26 20:20:07', '2014-09-26 20:20:07'),
(116, 'Bank BRI Syariah', '2014-09-26 20:20:07', '2014-09-26 20:20:07'),
(117, 'Panin Bank Syariah', '2014-09-26 20:20:07', '2014-09-26 20:20:07'),
(118, 'Bank Syariah Bukopin', '2014-09-26 20:20:07', '2014-09-26 20:20:07'),
(119, 'Bank Victoria Syariah', '2014-09-26 20:20:07', '2014-09-26 20:20:07'),
(120, 'Bank Maybank Syariah Indonesia', '2014-09-26 20:20:07', '2014-09-26 20:20:07'),
(121, 'Bank BTN Syariah', '2014-09-26 20:20:07', '2014-09-26 20:20:07'),
(122, 'Bank Danamon Syariah', '2014-09-26 20:20:07', '2014-09-26 20:20:07'),
(123, 'CIMB Niaga Syariah', '2014-09-26 20:20:07', '2014-09-26 20:20:07'),
(124, 'BII Syariah', '2014-09-26 20:20:07', '2014-09-26 20:20:07'),
(125, 'OCBC NISP Syariah', '2014-09-26 20:20:07', '2014-09-26 20:20:07'),
(126, 'Bank Permata Syariah', '2014-09-26 20:20:07', '2014-09-26 20:20:07');

-- --------------------------------------------------------

--
-- Table structure for table `bonus`
--

CREATE TABLE IF NOT EXISTS `bonus` (
  `id_akun` bigint(20) NOT NULL,
  `bptp_kd` varchar(14) COLLATE utf8_unicode_ci NOT NULL,
  `bonus_date` timestamp NOT NULL DEFAULT CURRENT_TIMESTAMP,
  `bp_kd` varchar(13) COLLATE utf8_unicode_ci NOT NULL,
  `tp_kd` varchar(13) COLLATE utf8_unicode_ci NOT NULL,
  `bptp_date` timestamp NOT NULL DEFAULT '0000-00-00 00:00:00',
  `jml_bptp` bigint(20) NOT NULL,
  `bonus_level` smallint(6) NOT NULL,
  `bonus_persen` decimal(10,2) NOT NULL,
  `bonus_amount` bigint(20) NOT NULL
) ENGINE=InnoDB DEFAULT CHARSET=utf8 COLLATE=utf8_unicode_ci;

-- --------------------------------------------------------

--
-- Table structure for table `bonus_leader`
--

CREATE TABLE IF NOT EXISTS `bonus_leader` (
  `id` int(11) NOT NULL,
  `uraian` varchar(50) CHARACTER SET utf8 COLLATE utf8_unicode_ci NOT NULL,
  `bonus_persen` decimal(8,2) NOT NULL
) ENGINE=InnoDB DEFAULT CHARSET=latin1;

--
-- Dumping data for table `bonus_leader`
--

INSERT INTO `bonus_leader` (`id`, `uraian`, `bonus_persen`) VALUES
(1, 'Leader L2 (Leader Pertama Diatas Akun)', '5.00'),
(2, 'Leader L3 (Leader Pertama Diatas Leader L2)', '2.00'),
(3, 'Leader L4 (Leader Pertama Diatas Leader L3)', '0.25'),
(4, 'Leader L5+n (Leader Pertama dst Diatas Leader L4)', '0.10');

-- --------------------------------------------------------

--
-- Table structure for table `bonus_sponsor`
--

CREATE TABLE IF NOT EXISTS `bonus_sponsor` (
  `id` int(11) NOT NULL,
  `uraian` varchar(30) CHARACTER SET utf8 COLLATE utf8_unicode_ci NOT NULL,
  `bp_min` bigint(20) NOT NULL,
  `bp_max` bigint(20) NOT NULL,
  `bonus_persen` decimal(8,2) NOT NULL
) ENGINE=InnoDB DEFAULT CHARSET=latin1;

--
-- Dumping data for table `bonus_sponsor`
--

INSERT INTO `bonus_sponsor` (`id`, `uraian`, `bp_min`, `bp_max`, `bonus_persen`) VALUES
(1, 'Rendah', 1, 4900000, '4.00'),
(2, 'Menengah', 5000000, 7900000, '7.00'),
(3, 'Tinggi', 8000000, 10000000, '10.00');

-- --------------------------------------------------------

--
-- Table structure for table `bptp`
--

CREATE TABLE IF NOT EXISTS `bptp` (
  `bptp_kd` varchar(14) CHARACTER SET utf8 COLLATE utf8_unicode_ci NOT NULL,
  `tp_kd` varchar(13) CHARACTER SET utf8 COLLATE utf8_unicode_ci NOT NULL,
  `bp_kd` varchar(13) CHARACTER SET utf8 COLLATE utf8_unicode_ci NOT NULL,
  `bptp_at` timestamp NOT NULL DEFAULT CURRENT_TIMESTAMP,
  `jml_bptp` bigint(20) NOT NULL,
  `bptp_canceled` tinyint(4) NOT NULL DEFAULT '0',
  `bptp_cancel_note` varchar(200) CHARACTER SET utf8 COLLATE utf8_unicode_ci DEFAULT NULL,
  `bptp_cancel_date` timestamp NULL DEFAULT NULL,
  `bp_akad` tinyint(4) NOT NULL DEFAULT '0',
  `tp_akad` tinyint(4) NOT NULL DEFAULT '0',
  `bp_akad_at` timestamp NULL DEFAULT NULL,
  `tp_akad_at` timestamp NULL DEFAULT NULL
) ENGINE=InnoDB DEFAULT CHARSET=latin1;

-- --------------------------------------------------------

--
-- Table structure for table `bptp_transfer`
--

CREATE TABLE IF NOT EXISTS `bptp_transfer` (
  `bptp_kd` varchar(14) CHARACTER SET utf8 COLLATE utf8_unicode_ci NOT NULL,
  `bukti_transfer` varchar(255) CHARACTER SET utf8 COLLATE utf8_unicode_ci NOT NULL,
  `jml_transfer` bigint(20) NOT NULL,
  `id_rek_tp` bigint(20) NOT NULL,
  `transfer_date` timestamp NOT NULL DEFAULT CURRENT_TIMESTAMP,
  `bptp_confirmed` tinyint(4) NOT NULL DEFAULT '0',
  `bptp_confirm_date` timestamp NOT NULL DEFAULT '0000-00-00 00:00:00'
) ENGINE=InnoDB DEFAULT CHARSET=latin1;

-- --------------------------------------------------------

--
-- Table structure for table `dana_recovery`
--

CREATE TABLE IF NOT EXISTS `dana_recovery` (
`id` bigint(20) unsigned NOT NULL,
  `id_akun` bigint(20) NOT NULL,
  `email_asal` varchar(100) COLLATE utf8_unicode_ci NOT NULL,
  `nilai` bigint(20) NOT NULL,
  `created_at` timestamp NOT NULL DEFAULT '0000-00-00 00:00:00',
  `updated_at` timestamp NOT NULL DEFAULT '0000-00-00 00:00:00'
) ENGINE=InnoDB DEFAULT CHARSET=utf8 COLLATE=utf8_unicode_ci AUTO_INCREMENT=1 ;

-- --------------------------------------------------------

--
-- Table structure for table `leaders`
--

CREATE TABLE IF NOT EXISTS `leaders` (
  `id` int(11) NOT NULL,
  `leader_nama` varchar(20) CHARACTER SET utf8 COLLATE utf8_unicode_ci NOT NULL,
  `min_member` bigint(20) NOT NULL,
  `max_tp_per_week` bigint(20) NOT NULL
) ENGINE=InnoDB DEFAULT CHARSET=latin1;

--
-- Dumping data for table `leaders`
--

INSERT INTO `leaders` (`id`, `leader_nama`, `min_member`, `max_tp_per_week`) VALUES
(1, 'Top Leader', 1000000, 35000000),
(2, 'Prime Leader', 100000, 30000000),
(3, 'Platinum Leader', 10000, 25000000),
(4, 'Gold Leader', 1000, 20000000),
(5, 'Silver Leader', 100, 15000000);

-- --------------------------------------------------------

--
-- Table structure for table `migrations`
--

CREATE TABLE IF NOT EXISTS `migrations` (
  `migration` varchar(255) COLLATE utf8_unicode_ci NOT NULL,
  `batch` int(11) NOT NULL
) ENGINE=InnoDB DEFAULT CHARSET=utf8 COLLATE=utf8_unicode_ci;

--
-- Dumping data for table `migrations`
--

INSERT INTO `migrations` (`migration`, `batch`) VALUES
('2014_09_25_141838_create_anggota_table', 1),
('2014_09_25_141849_create_akun_table', 1),
('2014_09_25_143445_create_recovery_mentah_table', 1),
('2014_09_25_143723_create_dana_recovery_table', 1),
('2014_09_25_144057_create_rekening_anggota_table', 1),
('2014_09_25_145254_create_bank_table', 1),
('2014_09_25_145633_create_sejarah_login_table', 1);

-- --------------------------------------------------------

--
-- Table structure for table `parameters`
--

CREATE TABLE IF NOT EXISTS `parameters` (
`id` int(10) unsigned NOT NULL,
  `status` smallint(4) NOT NULL DEFAULT '0',
  `tgl_status` timestamp NOT NULL DEFAULT CURRENT_TIMESTAMP,
  `created_at` timestamp NOT NULL DEFAULT '0000-00-00 00:00:00',
  `updated_at` timestamp NOT NULL DEFAULT '0000-00-00 00:00:00',
  `created_by` varchar(150) CHARACTER SET utf8 COLLATE utf8_unicode_ci DEFAULT NULL,
  `updated_by` varchar(150) CHARACTER SET utf8 COLLATE utf8_unicode_ci DEFAULT NULL,
  `max_akun_per_member` int(11) NOT NULL DEFAULT '10',
  `min_bp` bigint(20) NOT NULL DEFAULT '1000000',
  `max_bp_reguler` bigint(20) NOT NULL DEFAULT '10000000',
  `max_bp_vip` bigint(20) NOT NULL DEFAULT '30000000',
  `growht_1` decimal(10,2) NOT NULL DEFAULT '0.10',
  `growht_2` decimal(10,2) NOT NULL DEFAULT '1.00',
  `growth_off` int(11) NOT NULL DEFAULT '30',
  `is_autotp` tinyint(4) NOT NULL DEFAULT '1',
  `autotp_after` int(11) NOT NULL DEFAULT '30',
  `fix_bp_leader` bigint(20) NOT NULL DEFAULT '10000000',
  `min_old_to_leader` int(11) NOT NULL DEFAULT '60',
  `min_omzet_to_leader` bigint(20) NOT NULL DEFAULT '100000000',
  `max_idle_new_account` int(11) NOT NULL DEFAULT '48',
  `max_idle_old_account` int(11) NOT NULL DEFAULT '60',
  `jml_hidden` int(11) NOT NULL DEFAULT '127',
  `nilai_kelipatan` bigint(20) NOT NULL DEFAULT '100000'
) ENGINE=InnoDB  DEFAULT CHARSET=latin1 AUTO_INCREMENT=2 ;

--
-- Dumping data for table `parameters`
--

INSERT INTO `parameters` (`id`, `status`, `tgl_status`, `created_at`, `updated_at`, `created_by`, `updated_by`, `max_akun_per_member`, `min_bp`, `max_bp_reguler`, `max_bp_vip`, `growht_1`, `growht_2`, `growth_off`, `is_autotp`, `autotp_after`, `fix_bp_leader`, `min_old_to_leader`, `min_omzet_to_leader`, `max_idle_new_account`, `max_idle_old_account`, `jml_hidden`, `nilai_kelipatan`) VALUES
(1, 1, '2014-09-30 07:02:32', '2014-09-29 17:00:00', '2014-09-29 17:00:00', 'sys', 'sys', 20, 1000000, 10000000, 30000000, '0.10', '1.00', 30, 1, 30, 10000000, 60, 100000000, 48, 60, 127, 100000);

-- --------------------------------------------------------

--
-- Table structure for table `recovery_mentah`
--

CREATE TABLE IF NOT EXISTS `recovery_mentah` (
  `email` varchar(255) COLLATE utf8_unicode_ci NOT NULL,
  `nilai` bigint(20) NOT NULL,
  `aktifasi` varchar(6) COLLATE utf8_unicode_ci NOT NULL,
  `created_at` timestamp NOT NULL DEFAULT '0000-00-00 00:00:00',
  `updated_at` timestamp NOT NULL DEFAULT '0000-00-00 00:00:00'
) ENGINE=InnoDB DEFAULT CHARSET=utf8 COLLATE=utf8_unicode_ci;

--
-- Dumping data for table `recovery_mentah`
--

INSERT INTO `recovery_mentah` (`email`, `nilai`, `aktifasi`, `created_at`, `updated_at`) VALUES
('bregananta@gmail.com', 1000000, 'N7PBJV', '2014-10-07 15:41:19', '0000-00-00 00:00:00'),
('kunto.b.a@gmail.com', 2000000, 'A2N5GR', '2014-10-07 15:42:05', '0000-00-00 00:00:00');

-- --------------------------------------------------------

--
-- Table structure for table `rekening_anggota`
--

CREATE TABLE IF NOT EXISTS `rekening_anggota` (
`id` bigint(20) NOT NULL,
  `id_akun` bigint(20) NOT NULL,
  `id_bank` int(10) NOT NULL,
  `no_rekening` varchar(45) COLLATE utf8_unicode_ci NOT NULL,
  `nama_bank` varchar(50) COLLATE utf8_unicode_ci DEFAULT NULL,
  `atas_nama` varchar(50) COLLATE utf8_unicode_ci DEFAULT NULL,
  `is_aktif` tinyint(4) NOT NULL DEFAULT '1',
  `created_at` timestamp NOT NULL DEFAULT '0000-00-00 00:00:00',
  `updated_at` timestamp NOT NULL DEFAULT '0000-00-00 00:00:00'
) ENGINE=InnoDB  DEFAULT CHARSET=utf8 COLLATE=utf8_unicode_ci AUTO_INCREMENT=16 ;

--
-- Dumping data for table `rekening_anggota`
--

INSERT INTO `rekening_anggota` (`id`, `id_akun`, `id_bank`, `no_rekening`, `nama_bank`, `atas_nama`, `is_aktif`, `created_at`, `updated_at`) VALUES
(8, 1, 1, '12700088265401', 'Bank Mandiri', 'SA Vionir', 1, '0000-00-00 00:00:00', '2014-10-06 12:02:56'),
(9, 1, 9, '98700917726', 'Bank Bukopin', 'SA Vionir', 1, '2014-10-03 03:17:28', '2014-10-06 11:51:34'),
(10, 2, 1, '127000876501', 'Bank Mandiri', 'John Doe', 1, '2014-10-03 06:36:16', '2014-10-03 06:36:16'),
(15, 1, 8, '1234567890123', ' Bank Artha Graha Internasional', 'SA Vionir', 1, '2014-10-06 08:28:29', '2014-10-06 11:51:40');

-- --------------------------------------------------------

--
-- Table structure for table `sejarah_login`
--

CREATE TABLE IF NOT EXISTS `sejarah_login` (
  `id_akun` bigint(20) NOT NULL,
  `waktu` timestamp NOT NULL DEFAULT '0000-00-00 00:00:00',
  `ip_address` varchar(15) COLLATE utf8_unicode_ci DEFAULT NULL,
  `host_name` varchar(100) COLLATE utf8_unicode_ci DEFAULT NULL,
  `device` varchar(20) COLLATE utf8_unicode_ci DEFAULT NULL,
  `browser` varchar(45) COLLATE utf8_unicode_ci DEFAULT NULL,
  `is_gagal` tinyint(4) NOT NULL,
  `created_at` timestamp NOT NULL DEFAULT '0000-00-00 00:00:00',
  `updated_at` timestamp NOT NULL DEFAULT '0000-00-00 00:00:00'
) ENGINE=InnoDB DEFAULT CHARSET=utf8 COLLATE=utf8_unicode_ci;

--
-- Dumping data for table `sejarah_login`
--

INSERT INTO `sejarah_login` (`id_akun`, `waktu`, `ip_address`, `host_name`, `device`, `browser`, `is_gagal`, `created_at`, `updated_at`) VALUES
(3, '2014-10-03 11:36:19', '127.0.0.1', 'Programmers-Mac-mini.local', 'OS X', 'Chrome', 0, '0000-00-00 00:00:00', '0000-00-00 00:00:00'),
(1, '2014-10-03 01:57:03', '::1', 'Kuntos-Mac-mini.local', 'OS X', 'Firefox', 0, '0000-00-00 00:00:00', '0000-00-00 00:00:00'),
(2, '2014-10-03 03:54:05', '::1', 'Kuntos-Mac-mini.local', 'OS X', 'Firefox', 0, '0000-00-00 00:00:00', '0000-00-00 00:00:00'),
(1, '2014-10-03 04:04:24', '::1', 'Kuntos-Mac-mini.local', 'OS X', 'Firefox', 0, '0000-00-00 00:00:00', '0000-00-00 00:00:00'),
(129, '2014-10-03 04:32:52', '::1', 'Kuntos-Mac-mini.local', 'OS X', 'Firefox', 0, '0000-00-00 00:00:00', '0000-00-00 00:00:00'),
(1, '2014-10-03 04:33:56', '::1', 'Kuntos-Mac-mini.local', 'OS X', 'Firefox', 0, '0000-00-00 00:00:00', '0000-00-00 00:00:00'),
(1, '2014-10-03 18:35:37', '127.0.0.1', 'Programmers-Mac-mini.local', 'OS X', 'Chrome', 0, '0000-00-00 00:00:00', '0000-00-00 00:00:00'),
(2, '2014-10-03 06:24:59', '::1', 'Kuntos-Mac-mini.local', 'OS X', 'Firefox', 0, '0000-00-00 00:00:00', '0000-00-00 00:00:00'),
(1, '2014-10-03 06:52:48', '::1', 'Kuntos-Mac-mini.local', 'OS X', 'Firefox', 0, '0000-00-00 00:00:00', '0000-00-00 00:00:00'),
(1, '2014-10-03 09:17:07', '::1', 'Kuntos-Mac-mini.local', 'OS X', 'Firefox', 0, '0000-00-00 00:00:00', '0000-00-00 00:00:00'),
(1, '2014-10-03 23:52:49', '127.0.0.1', 'Programmers-Mac-mini.local', 'OS X', 'Chrome', 0, '0000-00-00 00:00:00', '0000-00-00 00:00:00'),
(1, '2014-10-03 10:37:06', '::1', 'Kuntos-Mac-mini.local', 'OS X', 'Firefox', 0, '0000-00-00 00:00:00', '0000-00-00 00:00:00'),
(1, '2014-10-03 11:58:35', '::1', 'Kuntos-Mac-mini.local', 'OS X', 'Firefox', 0, '0000-00-00 00:00:00', '0000-00-00 00:00:00'),
(1, '2014-10-03 13:01:36', '::1', 'Kuntos-Mac-mini.local', 'OS X', 'Firefox', 0, '0000-00-00 00:00:00', '0000-00-00 00:00:00'),
(1, '2014-10-03 13:19:07', '::1', 'Kuntos-Mac-mini.local', 'OS X', 'Firefox', 0, '0000-00-00 00:00:00', '0000-00-00 00:00:00'),
(1, '2014-10-03 13:56:08', '::1', 'Kuntos-Mac-mini.local', 'OS X', 'Firefox', 0, '0000-00-00 00:00:00', '0000-00-00 00:00:00'),
(2, '2014-10-03 13:59:57', '::1', 'Kuntos-Mac-mini.local', 'OS X', 'Firefox', 0, '0000-00-00 00:00:00', '0000-00-00 00:00:00'),
(1, '2014-10-03 14:00:37', '::1', 'Kuntos-Mac-mini.local', 'OS X', 'Firefox', 0, '0000-00-00 00:00:00', '0000-00-00 00:00:00'),
(1, '2014-10-03 20:27:18', '::1', 'Kuntos-Mac-mini.local', 'OS X', 'Firefox', 0, '0000-00-00 00:00:00', '0000-00-00 00:00:00'),
(129, '2014-10-03 20:29:08', '::1', 'Kuntos-Mac-mini.local', 'OS X', 'Firefox', 0, '0000-00-00 00:00:00', '0000-00-00 00:00:00'),
(2, '2014-10-04 03:23:23', '::1', 'Kuntos-Mac-mini.local', 'OS X', 'Firefox', 0, '0000-00-00 00:00:00', '0000-00-00 00:00:00'),
(65, '2014-10-04 03:40:50', '::1', 'Kuntos-Mac-mini.local', 'OS X', 'Firefox', 0, '0000-00-00 00:00:00', '0000-00-00 00:00:00'),
(129, '2014-10-04 03:48:41', '::1', 'Kuntos-Mac-mini.local', 'OS X', 'Firefox', 0, '0000-00-00 00:00:00', '0000-00-00 00:00:00'),
(2, '2014-10-04 03:57:03', '::1', 'Kuntos-Mac-mini.local', 'OS X', 'Firefox', 0, '0000-00-00 00:00:00', '0000-00-00 00:00:00'),
(1, '2014-10-04 04:19:12', '::1', 'Kuntos-Mac-mini.local', 'OS X', 'Firefox', 0, '0000-00-00 00:00:00', '0000-00-00 00:00:00'),
(1, '2014-10-04 04:41:23', '::1', 'Kuntos-Mac-mini.local', 'OS X', 'Firefox', 0, '0000-00-00 00:00:00', '0000-00-00 00:00:00'),
(1, '2014-10-04 04:45:24', '127.0.0.1', 'Kuntos-MacBook-Pro.local', 'OS X', 'Firefox', 0, '0000-00-00 00:00:00', '0000-00-00 00:00:00'),
(1, '2014-10-04 05:52:44', '127.0.0.1', 'Kuntos-MacBook-Pro.local', 'OS X', 'Firefox', 0, '0000-00-00 00:00:00', '0000-00-00 00:00:00'),
(2, '2014-10-04 05:55:02', '127.0.0.1', 'Kuntos-MacBook-Pro.local', 'OS X', 'Firefox', 0, '0000-00-00 00:00:00', '0000-00-00 00:00:00'),
(1, '2014-10-06 02:06:42', '::1', 'Kuntos-Mac-mini.local', 'OS X', 'Firefox', 0, '0000-00-00 00:00:00', '0000-00-00 00:00:00'),
(1, '2014-10-06 05:50:07', '::1', 'Kuntos-Mac-mini.local', 'OS X', 'Firefox', 0, '0000-00-00 00:00:00', '0000-00-00 00:00:00'),
(1, '2014-10-07 05:04:03', '127.0.0.1', 'Programmers-Mac-mini.local', 'OS X', 'Chrome', 0, '0000-00-00 00:00:00', '0000-00-00 00:00:00'),
(1, '2014-10-07 22:42:40', '127.0.0.1', 'Programmers-Mac-mini.local', 'OS X', 'Chrome', 0, '0000-00-00 00:00:00', '0000-00-00 00:00:00'),
(1, '2014-10-08 13:17:04', '127.0.0.1', 'Programmers-Mac-mini.local', 'OS X', 'Chrome', 0, '0000-00-00 00:00:00', '0000-00-00 00:00:00'),
(1, '2014-10-08 12:49:23', '127.0.0.1', 'Programmers-Mac-mini.local', 'OS X', 'Chrome', 0, '0000-00-00 00:00:00', '0000-00-00 00:00:00');

-- --------------------------------------------------------

--
-- Table structure for table `transaksi_bp`
--

CREATE TABLE IF NOT EXISTS `transaksi_bp` (
  `bp_kd` varchar(13) CHARACTER SET utf8 COLLATE utf8_unicode_ci NOT NULL,
  `id_akun_bp` bigint(20) NOT NULL,
  `jml_bp` bigint(20) NOT NULL,
  `bp_date` timestamp NOT NULL DEFAULT CURRENT_TIMESTAMP,
  `bp_canceled` tinyint(4) NOT NULL DEFAULT '0',
  `bp_cancel_note` varchar(200) CHARACTER SET utf8 COLLATE utf8_unicode_ci DEFAULT NULL,
  `bp_cancel_date` timestamp NULL DEFAULT NULL
) ENGINE=InnoDB DEFAULT CHARSET=latin1;

-- --------------------------------------------------------

--
-- Table structure for table `transaksi_tp`
--

CREATE TABLE IF NOT EXISTS `transaksi_tp` (
  `tp_kd` varchar(13) CHARACTER SET utf8 COLLATE utf8_unicode_ci NOT NULL,
  `id_akun_tp` bigint(20) NOT NULL,
  `jml_tp` bigint(20) NOT NULL,
  `tp_date` timestamp NOT NULL DEFAULT CURRENT_TIMESTAMP,
  `tp_canceled` tinyint(4) NOT NULL DEFAULT '0',
  `tp_cancel_note` varchar(200) CHARACTER SET utf8 COLLATE utf8_unicode_ci DEFAULT NULL,
  `tp_cancel_date` timestamp NULL DEFAULT NULL
) ENGINE=InnoDB DEFAULT CHARSET=latin1;

-- --------------------------------------------------------

--
-- Table structure for table `vgrowth`
--

CREATE TABLE IF NOT EXISTS `vgrowth` (
  `bptp_kd` varchar(14) COLLATE utf8_unicode_ci NOT NULL,
  `id_akun` bigint(20) NOT NULL,
  `vgrowth_stage` smallint(6) NOT NULL,
  `vgrowth_date` timestamp NOT NULL DEFAULT CURRENT_TIMESTAMP,
  `bptp_date` timestamp NOT NULL DEFAULT '0000-00-00 00:00:00',
  `bptp_amount` bigint(20) NOT NULL,
  `bp_kd` varchar(13) COLLATE utf8_unicode_ci NOT NULL,
  `bp_date` timestamp NOT NULL DEFAULT '0000-00-00 00:00:00',
  `bp_amount` bigint(20) NOT NULL,
  `tp_kd` varchar(13) COLLATE utf8_unicode_ci NOT NULL,
  `tp_date` timestamp NOT NULL DEFAULT '0000-00-00 00:00:00',
  `bptp_confirm_date` timestamp NOT NULL DEFAULT '0000-00-00 00:00:00',
  `vgrowth_jml_hari` int(11) NOT NULL,
  `vgrowth_persen` decimal(10,2) NOT NULL,
  `vgrowth_amount` bigint(20) NOT NULL
) ENGINE=InnoDB DEFAULT CHARSET=utf8 COLLATE=utf8_unicode_ci;

-- --------------------------------------------------------

--
-- Stand-in structure for view `vusers`
--
CREATE TABLE IF NOT EXISTS `vusers` (
`id` bigint(20)
,`id_anggota` bigint(20)
,`id_login` varchar(13)
,`nick_name` varchar(30)
,`kata_sandi` varchar(64)
,`id_sponsor` bigint(20)
,`id_manager` bigint(20)
,`pin` varchar(6)
,`pin_kadaluarsa` timestamp
,`is_manager` tinyint(4)
,`level_manager` int(11)
,`is_aktif` tinyint(4)
,`is_blokir` tinyint(4)
,`is_main` tinyint(4)
,`kiri` bigint(20)
,`kanan` bigint(20)
,`nama` varchar(50)
,`ktp` varchar(25)
,`email` varchar(45)
,`hp` varchar(20)
,`anggota_type` int(11)
,`created_at` timestamp
,`jml_akun` bigint(21)
,`jml_gagal` bigint(21)
);
-- --------------------------------------------------------

--
-- Structure for view `vusers`
--
DROP TABLE IF EXISTS `vusers`;

CREATE ALGORITHM=UNDEFINED DEFINER=`root`@`localhost` SQL SECURITY DEFINER VIEW `vusers` AS select `akun`.`id` AS `id`,`akun`.`id_anggota` AS `id_anggota`,`akun`.`id_login` AS `id_login`,`akun`.`nick_name` AS `nick_name`,`akun`.`kata_sandi` AS `kata_sandi`,`akun`.`id_sponsor` AS `id_sponsor`,`akun`.`id_manager` AS `id_manager`,`akun`.`pin` AS `pin`,`akun`.`pin_kadaluarsa` AS `pin_kadaluarsa`,`akun`.`is_manager` AS `is_manager`,`akun`.`level_manager` AS `level_manager`,`akun`.`is_aktif` AS `is_aktif`,`akun`.`is_blokir` AS `is_blokir`,`akun`.`is_main` AS `is_main`,`akun`.`kiri` AS `kiri`,`akun`.`kanan` AS `kanan`,`anggota`.`nama` AS `nama`,`anggota`.`ktp` AS `ktp`,`anggota`.`email` AS `email`,`anggota`.`hp` AS `hp`,`anggota`.`anggota_type` AS `anggota_type`,`akun`.`created_at` AS `created_at`,count(`akun2`.`id`) AS `jml_akun`,coalesce((select count(`sejarah_login`.`is_gagal`) AS `jml_gagal` from `sejarah_login` where ((`sejarah_login`.`is_gagal` <> 0) and (`sejarah_login`.`waktu` >= (now() - interval 10 minute)) and (`sejarah_login`.`id_akun` = `akun`.`id`))),0) AS `jml_gagal` from ((`akun` join `anggota` on((`anggota`.`id` = `akun`.`id_anggota`))) left join `akun` `akun2` on((`anggota`.`id` = `akun2`.`id_anggota`))) group by `akun`.`id`,`akun`.`id_anggota`,`akun`.`id_login`,`akun`.`nick_name`,`akun`.`kata_sandi`;

--
-- Indexes for dumped tables
--

--
-- Indexes for table `akun`
--
ALTER TABLE `akun`
 ADD PRIMARY KEY (`id`), ADD UNIQUE KEY `akun_id_login_unique` (`id_login`), ADD UNIQUE KEY `akun_nick_name_unique` (`nick_name`), ADD UNIQUE KEY `kiri` (`kiri`), ADD UNIQUE KEY `kanan` (`kanan`), ADD KEY `id_anggota` (`id_anggota`), ADD KEY `id_sponsor` (`id_sponsor`);

--
-- Indexes for table `akun_withdraw`
--
ALTER TABLE `akun_withdraw`
 ADD PRIMARY KEY (`withdraw_kd`), ADD KEY `id_akun` (`id_akun`), ADD KEY `withdraw_date` (`withdraw_date`);

--
-- Indexes for table `anggota`
--
ALTER TABLE `anggota`
 ADD PRIMARY KEY (`id`), ADD UNIQUE KEY `anggota_ktp_unique` (`ktp`), ADD UNIQUE KEY `anggota_email_unique` (`email`), ADD UNIQUE KEY `anggota_hp_unique` (`hp`);

--
-- Indexes for table `bank`
--
ALTER TABLE `bank`
 ADD PRIMARY KEY (`id`), ADD UNIQUE KEY `nama_bank` (`nama_bank`);

--
-- Indexes for table `bonus`
--
ALTER TABLE `bonus`
 ADD PRIMARY KEY (`id_akun`,`bptp_kd`), ADD KEY `bp_kd` (`bp_kd`), ADD KEY `tp_kd` (`tp_kd`), ADD KEY `fk_bonus_bptp_confirmed` (`bptp_kd`);

--
-- Indexes for table `bonus_leader`
--
ALTER TABLE `bonus_leader`
 ADD PRIMARY KEY (`id`), ADD UNIQUE KEY `level_uraian` (`uraian`);

--
-- Indexes for table `bonus_sponsor`
--
ALTER TABLE `bonus_sponsor`
 ADD PRIMARY KEY (`id`), ADD UNIQUE KEY `uraian` (`uraian`), ADD KEY `bp_min` (`bp_min`), ADD KEY `bp_max` (`bp_max`);

--
-- Indexes for table `bptp`
--
ALTER TABLE `bptp`
 ADD PRIMARY KEY (`bptp_kd`), ADD UNIQUE KEY `bp_tp_kd` (`tp_kd`,`bp_kd`), ADD KEY `bptp_canceled` (`bptp_canceled`), ADD KEY `bptp_at` (`bptp_at`), ADD KEY `tp_kd` (`tp_kd`), ADD KEY `bp_kd` (`bp_kd`);

--
-- Indexes for table `bptp_transfer`
--
ALTER TABLE `bptp_transfer`
 ADD PRIMARY KEY (`bptp_kd`), ADD KEY `id_rek_tp` (`id_rek_tp`);

--
-- Indexes for table `dana_recovery`
--
ALTER TABLE `dana_recovery`
 ADD PRIMARY KEY (`id`), ADD KEY `id_akun` (`id_akun`), ADD KEY `email_asal` (`email_asal`);

--
-- Indexes for table `leaders`
--
ALTER TABLE `leaders`
 ADD PRIMARY KEY (`id`), ADD UNIQUE KEY `leader_nama` (`leader_nama`);

--
-- Indexes for table `parameters`
--
ALTER TABLE `parameters`
 ADD PRIMARY KEY (`id`), ADD KEY `status` (`status`), ADD KEY `tgl_status` (`tgl_status`);

--
-- Indexes for table `recovery_mentah`
--
ALTER TABLE `recovery_mentah`
 ADD PRIMARY KEY (`email`);

--
-- Indexes for table `rekening_anggota`
--
ALTER TABLE `rekening_anggota`
 ADD PRIMARY KEY (`id`), ADD UNIQUE KEY `rekening_anggota_id_akun_id_bank_no_rekening_unique` (`id_akun`,`id_bank`,`no_rekening`), ADD KEY `id_bank` (`id_bank`);

--
-- Indexes for table `sejarah_login`
--
ALTER TABLE `sejarah_login`
 ADD KEY `id_akun` (`id_akun`), ADD KEY `waktu` (`waktu`), ADD KEY `is_gagal` (`is_gagal`);

--
-- Indexes for table `transaksi_bp`
--
ALTER TABLE `transaksi_bp`
 ADD PRIMARY KEY (`bp_kd`), ADD KEY `bp_date` (`bp_date`), ADD KEY `bp_canceled` (`bp_canceled`), ADD KEY `id_akun_bp` (`id_akun_bp`);

--
-- Indexes for table `transaksi_tp`
--
ALTER TABLE `transaksi_tp`
 ADD PRIMARY KEY (`tp_kd`), ADD KEY `id_akun_tp` (`id_akun_tp`), ADD KEY `tp_date` (`tp_date`), ADD KEY `tp_canceled` (`tp_canceled`);

--
-- Indexes for table `vgrowth`
--
ALTER TABLE `vgrowth`
 ADD PRIMARY KEY (`bptp_kd`,`id_akun`,`vgrowth_stage`), ADD KEY `fk_growth_akun` (`id_akun`);

--
-- AUTO_INCREMENT for dumped tables
--

--
-- AUTO_INCREMENT for table `akun`
--
ALTER TABLE `akun`
MODIFY `id` bigint(20) NOT NULL AUTO_INCREMENT,AUTO_INCREMENT=195;
--
-- AUTO_INCREMENT for table `anggota`
--
ALTER TABLE `anggota`
MODIFY `id` bigint(20) NOT NULL AUTO_INCREMENT,AUTO_INCREMENT=196;
--
-- AUTO_INCREMENT for table `bank`
--
ALTER TABLE `bank`
MODIFY `id` int(10) NOT NULL AUTO_INCREMENT,AUTO_INCREMENT=127;
--
-- AUTO_INCREMENT for table `dana_recovery`
--
ALTER TABLE `dana_recovery`
MODIFY `id` bigint(20) unsigned NOT NULL AUTO_INCREMENT;
--
-- AUTO_INCREMENT for table `parameters`
--
ALTER TABLE `parameters`
MODIFY `id` int(10) unsigned NOT NULL AUTO_INCREMENT,AUTO_INCREMENT=2;
--
-- AUTO_INCREMENT for table `rekening_anggota`
--
ALTER TABLE `rekening_anggota`
MODIFY `id` bigint(20) NOT NULL AUTO_INCREMENT,AUTO_INCREMENT=16;
--
-- Constraints for dumped tables
--

--
-- Constraints for table `akun`
--
ALTER TABLE `akun`
ADD CONSTRAINT `fk_akun_anggota` FOREIGN KEY (`id_anggota`) REFERENCES `anggota` (`id`);

--
-- Constraints for table `akun_withdraw`
--
ALTER TABLE `akun_withdraw`
ADD CONSTRAINT `fk_withdraw_akun` FOREIGN KEY (`id_akun`) REFERENCES `akun` (`id`) ON DELETE CASCADE ON UPDATE CASCADE;

--
-- Constraints for table `bonus`
--
ALTER TABLE `bonus`
ADD CONSTRAINT `fk_bonus_ttp` FOREIGN KEY (`tp_kd`) REFERENCES `transaksi_tp` (`tp_kd`),
ADD CONSTRAINT `fk_bonus_akun` FOREIGN KEY (`id_akun`) REFERENCES `akun` (`id`) ON DELETE CASCADE ON UPDATE CASCADE,
ADD CONSTRAINT `fk_bonus_bptp_confirmed` FOREIGN KEY (`bptp_kd`) REFERENCES `bptp_transfer` (`bptp_kd`),
ADD CONSTRAINT `fk_bonus_tbp` FOREIGN KEY (`bp_kd`) REFERENCES `transaksi_bp` (`bp_kd`);

--
-- Constraints for table `bptp`
--
ALTER TABLE `bptp`
ADD CONSTRAINT `trans_bp_bptp` FOREIGN KEY (`bp_kd`) REFERENCES `transaksi_bp` (`bp_kd`),
ADD CONSTRAINT `trans_tp_bptp` FOREIGN KEY (`tp_kd`) REFERENCES `transaksi_tp` (`tp_kd`);

--
-- Constraints for table `bptp_transfer`
--
ALTER TABLE `bptp_transfer`
ADD CONSTRAINT `fk_rektp_rekanggota` FOREIGN KEY (`id_rek_tp`) REFERENCES `rekening_anggota` (`id`),
ADD CONSTRAINT `transfer_bptp_bptp` FOREIGN KEY (`bptp_kd`) REFERENCES `bptp` (`bptp_kd`);

--
-- Constraints for table `rekening_anggota`
--
ALTER TABLE `rekening_anggota`
ADD CONSTRAINT `fk_rekanggota_akun` FOREIGN KEY (`id_akun`) REFERENCES `akun` (`id`) ON DELETE CASCADE ON UPDATE CASCADE,
ADD CONSTRAINT `fk_rekanggota_bank` FOREIGN KEY (`id_bank`) REFERENCES `bank` (`id`);

--
-- Constraints for table `transaksi_bp`
--
ALTER TABLE `transaksi_bp`
ADD CONSTRAINT `trans_bpakun_akun` FOREIGN KEY (`id_akun_bp`) REFERENCES `akun` (`id`);

--
-- Constraints for table `transaksi_tp`
--
ALTER TABLE `transaksi_tp`
ADD CONSTRAINT `fk_transaksitp_akun` FOREIGN KEY (`id_akun_tp`) REFERENCES `akun` (`id`);

--
-- Constraints for table `vgrowth`
--
ALTER TABLE `vgrowth`
ADD CONSTRAINT `fk_growth_akun` FOREIGN KEY (`id_akun`) REFERENCES `akun` (`id`) ON DELETE CASCADE ON UPDATE CASCADE,
ADD CONSTRAINT `fk_growth_bptp` FOREIGN KEY (`bptp_kd`) REFERENCES `bptp` (`bptp_kd`);

/*!40101 SET CHARACTER_SET_CLIENT=@OLD_CHARACTER_SET_CLIENT */;
/*!40101 SET CHARACTER_SET_RESULTS=@OLD_CHARACTER_SET_RESULTS */;
/*!40101 SET COLLATION_CONNECTION=@OLD_COLLATION_CONNECTION */;
